Date1,State,beds_icu_covid,icu_covid,icu_usage,vent_covid,vent,vent_usage,Date
2021-06-01,Johor,114,158,138.6,98,134,73.13,01-Jun
2021-06-01,Kedah,73,74,101.37,47,112,41.96,02-Jun
2021-06-01,Kelantan,56,47,83.93,26,124,20.97,03-Jun
2021-06-01,Melaka,70,60,85.71,10,59,16.95,04-Jun
2021-06-01,Negeri Sembilan,44,94,213.64,44,56,78.57,05-Jun
2021-06-01,Pahang,53,30,56.6,18,65,27.69,06-Jun
2021-06-01,Perak,67,60,89.55,35,98,35.71,07-Jun
2021-06-01,Perlis,8,8,100,6,16,37.5,08-Jun
2021-06-01,Pulau Pinang,41,38,92.68,20,35,57.14,09-Jun
2021-06-01,Sabah,85,68,80,26,111,23.42,10-Jun
2021-06-01,Sarawak,106,103,97.17,36,140,25.71,11-Jun
2021-06-01,Selangor,244,282,115.57,166,275,60.36,12-Jun
2021-06-01,Terengganu,26,17,65.38,6,41,14.63,13-Jun
2021-06-01,W.P. Kuala Lumpur,121,123,101.65,73,143,51.05,14-Jun
2021-06-01,W.P. Labuan,11,10,90.91,10,14,71.43,15-Jun
2021-06-01,W.P. Putrajaya,8,9,112.5,3,28,10.71,16-Jun
2021-06-02,Johor,114,154,135.09,93,134,69.4,17-Jun
2021-06-02,Kedah,73,76,104.11,46,105,43.81,18-Jun
2021-06-02,Kelantan,56,50,89.29,25,124,20.16,19-Jun
2021-06-02,Melaka,70,71,101.43,12,59,20.34,20-Jun
2021-06-02,Negeri Sembilan,44,94,213.64,47,56,83.93,21-Jun
2021-06-02,Pahang,53,29,54.72,18,65,27.69,22-Jun
2021-06-02,Perak,67,59,88.06,42,98,42.86,23-Jun
2021-06-02,Perlis,8,7,87.5,6,16,37.5,24-Jun
2021-06-02,Pulau Pinang,41,38,92.68,22,35,62.86,25-Jun
2021-06-02,Sabah,85,74,87.06,24,111,21.62,26-Jun
2021-06-02,Sarawak,106,99,93.4,40,140,28.57,27-Jun
2021-06-02,Selangor,244,283,115.98,166,275,60.36,28-Jun
2021-06-02,Terengganu,26,18,69.23,13,41,31.71,29-Jun
2021-06-02,W.P. Kuala Lumpur,119,135,113.45,71,143,49.65,30-Jun
2021-06-02,W.P. Labuan,11,8,72.73,8,14,57.14,01-Jul
2021-06-02,W.P. Putrajaya,8,7,87.5,4,28,14.29,02-Jul
2021-06-03,Johor,114,149,130.7,95,134,70.9,03-Jul
2021-06-03,Kedah,73,71,97.26,46,105,43.81,04-Jul
2021-06-03,Kelantan,56,46,82.14,25,124,20.16,05-Jul
2021-06-03,Melaka,70,70,100,13,59,22.03,06-Jul
2021-06-03,Negeri Sembilan,44,75,170.45,46,56,82.14,07-Jul
2021-06-03,Pahang,53,30,56.6,15,65,23.08,08-Jul
2021-06-03,Perak,67,55,82.09,43,98,43.88,09-Jul
2021-06-03,Perlis,8,8,100,5,16,31.25,10-Jul
2021-06-03,Pulau Pinang,41,38,92.68,20,35,57.14,11-Jul
2021-06-03,Sabah,85,77,90.59,21,111,18.92,12-Jul
2021-06-03,Sarawak,106,102,96.23,38,140,27.14,13-Jul
2021-06-03,Selangor,244,288,118.03,102,275,37.09,14-Jul
2021-06-03,Terengganu,26,19,73.08,14,41,34.15,15-Jul
2021-06-03,W.P. Kuala Lumpur,119,129,108.4,77,143,53.85,16-Jul
2021-06-03,W.P. Labuan,11,12,109.09,8,14,57.14,17-Jul
2021-06-03,W.P. Putrajaya,8,7,87.5,3,28,10.71,18-Jul
2021-06-04,Johor,114,139,121.93,95,134,70.9,19-Jul
2021-06-04,Kedah,73,63,86.3,43,105,40.95,20-Jul
2021-06-04,Kelantan,56,39,69.64,23,124,18.55,21-Jul
2021-06-04,Melaka,70,73,104.29,13,59,22.03,22-Jul
2021-06-04,Negeri Sembilan,44,79,179.55,46,56,82.14,23-Jul
2021-06-04,Pahang,53,31,58.49,14,65,21.54,24-Jul
2021-06-04,Perak,67,56,83.58,42,98,42.86,25-Jul
2021-06-04,Perlis,8,8,100,5,16,31.25,26-Jul
2021-06-04,Pulau Pinang,43,38,88.37,21,35,60,27-Jul
2021-06-04,Sabah,85,83,97.65,25,111,22.52,28-Jul
2021-06-04,Sarawak,106,105,99.06,37,140,26.43,29-Jul
2021-06-04,Selangor,244,272,111.48,160,275,58.18,30-Jul
2021-06-04,Terengganu,26,20,76.92,13,41,31.71,31-Jul
2021-06-04,W.P. Kuala Lumpur,119,127,106.72,82,143,57.34,01-Aug
2021-06-04,W.P. Labuan,11,14,127.27,9,14,64.29,02-Aug
2021-06-04,W.P. Putrajaya,8,7,87.5,4,28,14.29,03-Aug
2021-06-05,Johor,114,142,124.56,89,134,66.42,04-Aug
2021-06-05,Kedah,73,67,91.78,46,105,43.81,05-Aug
2021-06-05,Kelantan,56,35,62.5,18,124,14.52,06-Aug
2021-06-05,Melaka,70,58,82.86,14,59,23.73,07-Aug
2021-06-05,Negeri Sembilan,44,84,190.91,45,56,80.36,08-Aug
2021-06-05,Pahang,53,28,52.83,15,65,23.08,09-Aug
2021-06-05,Perak,67,55,82.09,39,98,39.8,10-Aug
2021-06-05,Perlis,8,8,100,5,16,31.25,11-Aug
2021-06-05,Pulau Pinang,43,34,79.07,23,35,65.71,12-Aug
2021-06-05,Sabah,85,88,103.53,24,111,21.62,13-Aug
2021-06-05,Sarawak,106,105,99.06,34,140,24.29,14-Aug
2021-06-05,Selangor,250,279,111.6,176,275,64,15-Aug
2021-06-05,Terengganu,26,25,96.15,17,41,41.46,16-Aug
2021-06-05,W.P. Kuala Lumpur,119,125,105.04,81,143,56.64,17-Aug
2021-06-05,W.P. Labuan,11,15,136.36,9,14,64.29,18-Aug
2021-06-05,W.P. Putrajaya,8,7,87.5,5,28,17.86,19-Aug
2021-06-06,Johor,114,142,124.56,89,134,66.42,20-Aug
2021-06-06,Kedah,73,71,97.26,38,105,36.19,21-Aug
2021-06-06,Kelantan,56,37,66.07,21,124,16.94,22-Aug
2021-06-06,Melaka,70,69,98.57,14,59,23.73,23-Aug
2021-06-06,Negeri Sembilan,59,86,145.76,51,52,98.08,24-Aug
2021-06-06,Pahang,53,28,52.83,14,65,21.54,25-Aug
2021-06-06,Perak,67,59,88.06,40,98,40.82,26-Aug
2021-06-06,Perlis,8,6,75,5,16,31.25,27-Aug
2021-06-06,Pulau Pinang,43,37,86.05,24,33,72.73,28-Aug
2021-06-06,Sabah,85,98,115.29,29,111,26.13,29-Aug
2021-06-06,Sarawak,106,104,98.11,35,140,25,30-Aug
2021-06-06,Selangor,250,288,115.2,170,275,61.82,31-Aug
2021-06-06,Terengganu,26,19,73.08,6,41,14.63,
2021-06-06,W.P. Kuala Lumpur,119,122,102.52,82,143,57.34,
2021-06-06,W.P. Labuan,11,15,136.36,9,14,64.29,
2021-06-06,W.P. Putrajaya,8,7,87.5,5,28,17.86,
2021-06-07,Johor,114,145,127.19,99,134,73.88,
2021-06-07,Kedah,73,69,94.52,36,105,34.29,
2021-06-07,Kelantan,56,42,75,21,124,16.94,
2021-06-07,Melaka,70,62,88.57,14,59,23.73,
2021-06-07,Negeri Sembilan,59,79,133.9,51,52,98.08,
2021-06-07,Pahang,53,29,54.72,16,65,24.62,
2021-06-07,Perak,67,50,74.63,34,98,34.69,
2021-06-07,Perlis,8,7,87.5,6,16,37.5,
2021-06-07,Pulau Pinang,43,39,90.7,26,33,78.79,
2021-06-07,Sabah,85,96,112.94,32,111,28.83,
2021-06-07,Sarawak,106,98,92.45,28,140,20,
2021-06-07,Selangor,250,293,117.2,183,275,66.55,
2021-06-07,Terengganu,26,21,80.77,10,41,24.39,
2021-06-07,W.P. Kuala Lumpur,119,122,102.52,77,143,53.85,
2021-06-07,W.P. Labuan,11,15,136.36,9,14,64.29,
2021-06-07,W.P. Putrajaya,8,8,100,5,28,17.86,
2021-06-08,Johor,114,126,110.53,91,134,67.91,
2021-06-08,Kedah,73,66,90.41,34,105,32.38,
2021-06-08,Kelantan,56,37,66.07,19,124,15.32,
2021-06-08,Melaka,70,63,90,15,59,25.42,
2021-06-08,Negeri Sembilan,59,63,106.78,50,52,96.15,
2021-06-08,Pahang,53,28,52.83,16,65,24.62,
2021-06-08,Perak,71,54,76.06,33,93,35.48,
2021-06-08,Perlis,8,7,87.5,6,16,37.5,
2021-06-08,Pulau Pinang,43,36,83.72,23,33,69.7,
2021-06-08,Sabah,85,97,114.12,34,111,30.63,
2021-06-08,Sarawak,106,102,96.23,29,140,20.71,
2021-06-08,Selangor,250,309,123.6,180,275,65.45,
2021-06-08,Terengganu,26,20,76.92,10,41,24.39,
2021-06-08,W.P. Kuala Lumpur,119,123,103.36,79,143,55.24,
2021-06-08,W.P. Labuan,11,16,145.45,9,14,64.29,
2021-06-08,W.P. Putrajaya,8,8,100,6,28,21.43,
2021-06-09,Johor,114,124,108.77,88,134,65.67,
2021-06-09,Kedah,73,60,82.19,33,105,31.43,
2021-06-09,Kelantan,56,33,58.93,17,124,13.71,
2021-06-09,Melaka,70,59,84.29,17,59,28.81,
2021-06-09,Negeri Sembilan,59,67,113.56,49,52,94.23,
2021-06-09,Pahang,53,27,50.94,12,65,18.46,
2021-06-09,Perak,71,52,73.24,28,93,30.11,
2021-06-09,Perlis,8,7,87.5,7,16,43.75,
2021-06-09,Pulau Pinang,43,34,79.07,18,33,54.55,
2021-06-09,Sabah,107,103,96.26,34,101,33.66,
2021-06-09,Sarawak,106,99,93.4,34,140,24.29,
2021-06-09,Selangor,250,316,126.4,184,275,66.91,
2021-06-09,Terengganu,26,20,76.92,14,41,34.15,
2021-06-09,W.P. Kuala Lumpur,127,128,100.79,80,143,55.94,
2021-06-09,W.P. Labuan,11,17,154.55,11,14,78.57,
2021-06-09,W.P. Putrajaya,8,8,100,6,28,21.43,
2021-06-10,Johor,114,118,103.51,90,134,67.16,
2021-06-10,Kedah,73,58,79.45,30,105,28.57,
2021-06-10,Kelantan,56,33,58.93,18,124,14.52,
2021-06-10,Melaka,70,55,78.57,14,59,23.73,
2021-06-10,Negeri Sembilan,59,79,133.9,58,52,111.54,
2021-06-10,Pahang,53,26,49.06,9,65,13.85,
2021-06-10,Perak,71,50,70.42,26,93,27.96,
2021-06-10,Perlis,8,8,100,7,16,43.75,
2021-06-10,Pulau Pinang,45,37,82.22,17,33,51.52,
2021-06-10,Sabah,107,95,88.79,36,101,35.64,
2021-06-10,Sarawak,106,98,92.45,33,140,23.57,
2021-06-10,Selangor,250,308,123.2,179,275,65.09,
2021-06-10,Terengganu,26,18,69.23,14,41,34.15,
2021-06-10,W.P. Kuala Lumpur,127,118,92.91,78,143,54.55,
2021-06-10,W.P. Labuan,18,17,94.44,12,10,120,
2021-06-10,W.P. Putrajaya,8,8,100,6,28,21.43,
2021-06-11,Johor,114,123,107.89,84,134,62.69,
2021-06-11,Kedah,73,55,75.34,21,105,20,
2021-06-11,Kelantan,56,32,57.14,17,124,13.71,
2021-06-11,Melaka,70,53,75.71,15,59,25.42,
2021-06-11,Negeri Sembilan,59,88,149.15,62,52,119.23,
2021-06-11,Pahang,53,20,37.74,6,65,9.23,
2021-06-11,Perak,71,49,69.01,22,93,23.66,
2021-06-11,Perlis,8,7,87.5,6,16,37.5,
2021-06-11,Pulau Pinang,45,37,82.22,20,33,60.61,
2021-06-11,Sabah,107,96,89.72,37,101,36.63,
2021-06-11,Sarawak,106,102,96.23,33,140,23.57,
2021-06-11,Selangor,250,313,125.2,175,275,63.64,
2021-06-11,Terengganu,26,18,69.23,16,41,39.02,
2021-06-11,W.P. Kuala Lumpur,127,132,103.94,76,143,53.15,
2021-06-11,W.P. Labuan,18,17,94.44,9,10,90,
2021-06-11,W.P. Putrajaya,8,7,87.5,6,28,21.43,
2021-06-12,Johor,114,124,108.77,85,134,63.43,
2021-06-12,Kedah,73,56,76.71,26,105,24.76,
2021-06-12,Kelantan,56,32,57.14,19,124,15.32,
2021-06-12,Melaka,70,49,70,16,59,27.12,
2021-06-12,Negeri Sembilan,59,79,133.9,60,52,115.38,
2021-06-12,Pahang,53,25,47.17,8,65,12.31,
2021-06-12,Perak,71,46,64.79,18,93,19.35,
2021-06-12,Perlis,8,8,100,6,16,37.5,
2021-06-12,Pulau Pinang,45,38,84.44,20,33,60.61,
2021-06-12,Sabah,107,98,91.59,39,101,38.61,
2021-06-12,Sarawak,106,104,98.11,32,140,22.86,
2021-06-12,Selangor,253,307,121.34,174,287,60.63,
2021-06-12,Terengganu,26,17,65.38,11,41,26.83,
2021-06-12,W.P. Kuala Lumpur,127,124,97.64,73,143,51.05,
2021-06-12,W.P. Labuan,18,18,100,10,10,100,
2021-06-12,W.P. Putrajaya,8,8,100,6,28,21.43,
2021-06-13,Johor,114,120,105.26,82,134,61.19,
2021-06-13,Kedah,73,55,75.34,29,105,27.62,
2021-06-13,Kelantan,56,36,64.29,16,124,12.9,
2021-06-13,Melaka,70,67,95.71,15,59,25.42,
2021-06-13,Negeri Sembilan,59,80,135.59,55,52,105.77,
2021-06-13,Pahang,53,23,43.4,8,65,12.31,
2021-06-13,Perak,71,41,57.75,15,93,16.13,
2021-06-13,Perlis,8,7,87.5,6,16,37.5,
2021-06-13,Pulau Pinang,45,39,86.67,21,33,63.64,
2021-06-13,Sabah,107,101,94.39,41,101,40.59,
2021-06-13,Sarawak,106,110,103.77,32,140,22.86,
2021-06-13,Selangor,253,308,121.74,180,287,62.72,
2021-06-13,Terengganu,26,15,57.69,11,41,26.83,
2021-06-13,W.P. Kuala Lumpur,127,128,100.79,68,143,47.55,
2021-06-13,W.P. Labuan,18,13,72.22,6,10,60,
2021-06-13,W.P. Putrajaya,8,7,87.5,6,28,21.43,
2021-06-14,Johor,114,127,111.4,89,134,66.42,
2021-06-14,Kedah,73,50,68.49,29,105,27.62,
2021-06-14,Kelantan,56,34,60.71,18,124,14.52,
2021-06-14,Melaka,70,58,82.86,17,59,28.81,
2021-06-14,Negeri Sembilan,59,75,127.12,56,52,107.69,
2021-06-14,Pahang,53,25,47.17,9,65,13.85,
2021-06-14,Perak,71,34,47.89,16,93,17.2,
2021-06-14,Perlis,8,7,87.5,6,16,37.5,
2021-06-14,Pulau Pinang,45,41,91.11,22,33,66.67,
2021-06-14,Sabah,107,97,90.65,40,101,39.6,
2021-06-14,Sarawak,106,103,97.17,31,140,22.14,
2021-06-14,Selangor,253,316,124.9,202,287,70.38,
2021-06-14,Terengganu,26,13,50,10,41,24.39,
2021-06-14,W.P. Kuala Lumpur,127,128,100.79,69,143,48.25,
2021-06-14,W.P. Labuan,18,15,83.33,7,11,63.64,
2021-06-14,W.P. Putrajaya,8,7,87.5,6,28,21.43,
2021-06-15,Johor,114,122,107.02,93,134,69.4,
2021-06-15,Kedah,73,45,61.64,24,105,22.86,
2021-06-15,Kelantan,56,37,66.07,18,124,14.52,
2021-06-15,Melaka,70,55,78.57,19,59,32.2,
2021-06-15,Negeri Sembilan,61,74,121.31,56,48,116.67,
2021-06-15,Pahang,53,26,49.06,7,65,10.77,
2021-06-15,Perak,71,26,36.62,13,93,13.98,
2021-06-15,Perlis,8,8,100,6,16,37.5,
2021-06-15,Pulau Pinang,45,37,82.22,23,33,69.7,
2021-06-15,Sabah,107,100,93.46,41,101,40.59,
2021-06-15,Sarawak,106,105,99.06,29,140,20.71,
2021-06-15,Selangor,253,314,124.11,179,287,62.37,
2021-06-15,Terengganu,26,14,53.85,9,41,21.95,
2021-06-15,W.P. Kuala Lumpur,127,128,100.79,28,143,19.58,
2021-06-15,W.P. Labuan,18,14,77.78,6,11,54.55,
2021-06-15,W.P. Putrajaya,8,8,100,6,28,21.43,
2021-06-16,Johor,114,124,108.77,91,134,67.91,
2021-06-16,Kedah,73,48,65.75,27,105,25.71,
2021-06-16,Kelantan,56,35,62.5,21,124,16.94,
2021-06-16,Melaka,70,65,92.86,21,59,35.59,
2021-06-16,Negeri Sembilan,61,91,149.18,61,48,127.08,
2021-06-16,Pahang,48,22,45.83,8,66,12.12,
2021-06-16,Perak,71,30,42.25,16,93,17.2,
2021-06-16,Perlis,8,8,100,6,16,37.5,
2021-06-16,Pulau Pinang,45,35,77.78,23,33,69.7,
2021-06-16,Sabah,107,92,85.98,38,101,37.62,
2021-06-16,Sarawak,106,106,100,27,140,19.29,
2021-06-16,Selangor,253,326,128.85,188,287,65.51,
2021-06-16,Terengganu,26,14,53.85,9,41,21.95,
2021-06-16,W.P. Kuala Lumpur,127,122,96.06,66,143,46.15,
2021-06-16,W.P. Labuan,18,16,88.89,8,11,72.73,
2021-06-16,W.P. Putrajaya,8,7,87.5,5,28,17.86,
2021-06-17,Johor,114,114,100,89,134,66.42,
2021-06-17,Kedah,73,46,63.01,26,105,24.76,
2021-06-17,Kelantan,56,33,58.93,23,113,20.35,
2021-06-17,Melaka,70,56,80,15,59,25.42,
2021-06-17,Negeri Sembilan,61,92,150.82,64,48,133.33,
2021-06-17,Pahang,48,28,58.33,8,66,12.12,
2021-06-17,Perak,71,27,38.03,15,93,16.13,
2021-06-17,Perlis,8,6,75,6,16,37.5,
2021-06-17,Pulau Pinang,47,36,76.6,24,33,72.73,
2021-06-17,Sabah,107,92,85.98,35,101,34.65,
2021-06-17,Sarawak,106,107,100.94,30,140,21.43,
2021-06-17,Selangor,253,325,128.46,187,287,65.16,
2021-06-17,Terengganu,26,14,53.85,10,41,24.39,
2021-06-17,W.P. Kuala Lumpur,127,119,93.7,67,143,46.85,
2021-06-17,W.P. Labuan,18,17,94.44,10,11,90.91,
2021-06-17,W.P. Putrajaya,8,7,87.5,5,28,17.86,
2021-06-18,Johor,114,126,110.53,88,134,65.67,
2021-06-18,Kedah,73,42,57.53,21,105,20,
2021-06-18,Kelantan,56,33,58.93,22,113,19.47,
2021-06-18,Melaka,70,66,94.29,15,59,25.42,
2021-06-18,Negeri Sembilan,55,96,174.55,66,49,134.69,
2021-06-18,Pahang,48,26,54.17,6,66,9.09,
2021-06-18,Perak,71,27,38.03,16,93,17.2,
2021-06-18,Perlis,8,6,75,6,16,37.5,
2021-06-18,Pulau Pinang,47,33,70.21,21,33,63.64,
2021-06-18,Sabah,107,82,76.64,26,101,25.74,
2021-06-18,Sarawak,106,99,93.4,28,140,20,
2021-06-18,Selangor,253,331,130.83,193,287,67.25,
2021-06-18,Terengganu,26,13,50,10,41,24.39,
2021-06-18,W.P. Kuala Lumpur,127,125,98.43,75,143,52.45,
2021-06-18,W.P. Labuan,18,13,72.22,5,11,45.45,
2021-06-18,W.P. Putrajaya,8,7,87.5,6,28,21.43,
2021-06-19,Johor,114,123,107.89,86,134,64.18,
2021-06-19,Kedah,73,52,71.23,26,105,24.76,
2021-06-19,Kelantan,56,31,55.36,20,113,17.7,
2021-06-19,Melaka,70,63,90,14,59,23.73,
2021-06-19,Negeri Sembilan,55,95,172.73,63,49,128.57,
2021-06-19,Pahang,48,25,52.08,7,66,10.61,
2021-06-19,Perak,71,23,32.39,16,93,17.2,
2021-06-19,Perlis,8,5,62.5,5,16,31.25,
2021-06-19,Pulau Pinang,47,34,72.34,12,33,36.36,
2021-06-19,Sabah,107,74,69.16,28,101,27.72,
2021-06-19,Sarawak,106,96,90.57,28,140,20,
2021-06-19,Selangor,253,325,128.46,182,287,63.41,
2021-06-19,Terengganu,26,13,50,9,41,21.95,
2021-06-19,W.P. Kuala Lumpur,127,123,96.85,68,143,47.55,
2021-06-19,W.P. Labuan,18,16,88.89,8,11,72.73,
2021-06-19,W.P. Putrajaya,8,7,87.5,5,28,17.86,
2021-06-20,Johor,114,121,106.14,84,134,62.69,
2021-06-20,Kedah,73,52,71.23,26,105,24.76,
2021-06-20,Kelantan,56,29,51.79,18,113,15.93,
2021-06-20,Melaka,70,72,102.86,15,59,25.42,
2021-06-20,Negeri Sembilan,55,89,161.82,62,49,126.53,
2021-06-20,Pahang,48,23,47.92,7,66,10.61,
2021-06-20,Perak,71,20,28.17,14,93,15.05,
2021-06-20,Perlis,8,5,62.5,5,16,31.25,
2021-06-20,Pulau Pinang,47,31,65.96,17,33,51.52,
2021-06-20,Sabah,107,71,66.36,24,101,23.76,
2021-06-20,Sarawak,106,92,86.79,28,140,20,
2021-06-20,Selangor,253,323,127.67,192,287,66.9,
2021-06-20,Terengganu,26,10,38.46,6,41,14.63,
2021-06-20,W.P. Kuala Lumpur,127,126,99.21,73,143,51.05,
2021-06-20,W.P. Labuan,18,16,88.89,8,11,72.73,
2021-06-20,W.P. Putrajaya,8,8,100,6,28,21.43,
2021-06-21,Johor,114,123,107.89,88,134,65.67,
2021-06-21,Kedah,73,54,73.97,31,105,29.52,
2021-06-21,Kelantan,56,32,57.14,21,113,18.58,
2021-06-21,Melaka,70,73,104.29,14,59,23.73,
2021-06-21,Negeri Sembilan,55,87,158.18,60,49,122.45,
2021-06-21,Pahang,48,25,52.08,8,66,12.12,
2021-06-21,Perak,71,22,30.99,14,93,15.05,
2021-06-21,Perlis,8,5,62.5,5,16,31.25,
2021-06-21,Pulau Pinang,47,28,59.57,18,33,54.55,
2021-06-21,Sabah,107,66,61.68,20,101,19.8,
2021-06-21,Sarawak,106,94,88.68,29,140,20.71,
2021-06-21,Selangor,253,318,125.69,203,287,70.73,
2021-06-21,Terengganu,26,10,38.46,6,41,14.63,
2021-06-21,W.P. Kuala Lumpur,127,124,97.64,74,143,51.75,
2021-06-21,W.P. Labuan,18,16,88.89,8,11,72.73,
2021-06-21,W.P. Putrajaya,8,8,100,6,28,21.43,
2021-06-22,Johor,114,109,95.61,81,134,60.45,
2021-06-22,Kedah,73,58,79.45,38,105,36.19,
2021-06-22,Kelantan,56,33,58.93,22,113,19.47,
2021-06-22,Melaka,70,67,95.71,17,59,28.81,
2021-06-22,Negeri Sembilan,55,122,221.82,52,49,106.12,
2021-06-22,Pahang,48,23,47.92,8,66,12.12,
2021-06-22,Perak,71,21,29.58,13,93,13.98,
2021-06-22,Perlis,8,5,62.5,5,16,31.25,
2021-06-22,Pulau Pinang,47,27,57.45,17,33,51.52,
2021-06-22,Sabah,107,69,64.49,20,101,19.8,
2021-06-22,Sarawak,106,92,86.79,30,140,21.43,
2021-06-22,Selangor,253,332,131.23,202,287,70.38,
2021-06-22,Terengganu,26,9,34.62,6,41,14.63,
2021-06-22,W.P. Kuala Lumpur,132,126,95.45,75,163,46.01,
2021-06-22,W.P. Labuan,18,17,94.44,8,11,72.73,
2021-06-22,W.P. Putrajaya,8,6,75,5,28,17.86,
2021-06-23,Johor,114,123,107.89,77,134,57.46,
2021-06-23,Kedah,73,59,80.82,39,105,37.14,
2021-06-23,Kelantan,56,33,58.93,22,113,19.47,
2021-06-23,Melaka,70,73,104.29,14,59,23.73,
2021-06-23,Negeri Sembilan,55,88,160,49,49,100,
2021-06-23,Pahang,48,26,54.17,10,66,15.15,
2021-06-23,Perak,71,20,28.17,10,93,10.75,
2021-06-23,Perlis,8,4,50,4,16,25,
2021-06-23,Pulau Pinang,47,26,55.32,6,33,18.18,
2021-06-23,Sabah,107,72,67.29,21,101,20.79,
2021-06-23,Sarawak,106,93,87.74,29,140,20.71,
2021-06-23,Selangor,253,340,134.39,196,287,68.29,
2021-06-23,Terengganu,26,9,34.62,6,41,14.63,
2021-06-23,W.P. Kuala Lumpur,132,130,98.48,79,163,48.47,
2021-06-23,W.P. Labuan,18,17,94.44,7,11,63.64,
2021-06-23,W.P. Putrajaya,8,6,75,6,28,21.43,
2021-06-24,Johor,114,117,102.63,73,134,54.48,
2021-06-24,Kedah,73,63,86.3,38,105,36.19,
2021-06-24,Kelantan,56,34,60.71,20,113,17.7,
2021-06-24,Melaka,70,78,111.43,18,59,30.51,
2021-06-24,Negeri Sembilan,55,88,160,54,49,110.2,
2021-06-24,Pahang,48,26,54.17,9,66,13.64,
2021-06-24,Perak,71,20,28.17,9,93,9.68,
2021-06-24,Perlis,8,2,25,2,16,12.5,
2021-06-24,Pulau Pinang,40,26,65,17,33,51.52,
2021-06-24,Sabah,107,72,67.29,20,101,19.8,
2021-06-24,Sarawak,106,90,84.91,27,140,19.29,
2021-06-24,Selangor,259,337,130.12,194,300,64.67,
2021-06-24,Terengganu,26,5,19.23,4,41,9.76,
2021-06-24,W.P. Kuala Lumpur,132,128,96.97,80,163,49.08,
2021-06-24,W.P. Labuan,18,17,94.44,7,11,63.64,
2021-06-24,W.P. Putrajaya,8,6,75,6,28,21.43,
2021-06-25,Johor,114,118,103.51,74,134,55.22,
2021-06-25,Kedah,73,62,84.93,38,105,36.19,
2021-06-25,Kelantan,56,35,62.5,22,111,19.82,
2021-06-25,Melaka,70,79,112.86,18,59,30.51,
2021-06-25,Negeri Sembilan,55,84,152.73,54,49,110.2,
2021-06-25,Pahang,48,26,54.17,9,66,13.64,
2021-06-25,Perak,71,19,26.76,7,93,7.53,
2021-06-25,Perlis,8,1,12.5,1,16,6.25,
2021-06-25,Pulau Pinang,42,26,61.9,15,33,45.45,
2021-06-25,Sabah,107,71,66.36,18,101,17.82,
2021-06-25,Sarawak,106,84,79.25,28,140,20,
2021-06-25,Selangor,274,350,127.74,193,301,64.12,
2021-06-25,Terengganu,26,5,19.23,4,41,9.76,
2021-06-25,W.P. Kuala Lumpur,132,127,96.21,85,162,52.47,
2021-06-25,W.P. Labuan,18,16,88.89,9,11,81.82,
2021-06-25,W.P. Putrajaya,8,6,75,6,28,21.43,
2021-06-26,Johor,114,110,96.49,74,134,55.22,
2021-06-26,Kedah,73,67,91.78,41,105,39.05,
2021-06-26,Kelantan,56,35,62.5,22,111,19.82,
2021-06-26,Melaka,70,81,115.71,18,59,30.51,
2021-06-26,Negeri Sembilan,55,86,156.36,59,49,120.41,
2021-06-26,Pahang,48,26,54.17,9,66,13.64,
2021-06-26,Perak,71,16,22.54,8,93,8.6,
2021-06-26,Perlis,8,2,25,0,16,0,
2021-06-26,Pulau Pinang,42,26,61.9,13,33,39.39,
2021-06-26,Sabah,107,68,63.55,17,101,16.83,
2021-06-26,Sarawak,106,82,77.36,28,140,20,
2021-06-26,Selangor,274,349,127.37,129,301,42.86,
2021-06-26,Terengganu,26,6,23.08,3,41,7.32,
2021-06-26,W.P. Kuala Lumpur,132,125,94.7,85,162,52.47,
2021-06-26,W.P. Labuan,18,17,94.44,8,11,72.73,
2021-06-26,W.P. Putrajaya,8,8,100,8,28,28.57,
2021-06-27,Johor,114,115,100.88,76,134,56.72,
2021-06-27,Kedah,73,57,78.08,30,105,28.57,
2021-06-27,Kelantan,56,31,55.36,21,111,18.92,
2021-06-27,Melaka,70,82,117.14,18,59,30.51,
2021-06-27,Negeri Sembilan,55,94,170.91,68,49,138.78,
2021-06-27,Pahang,48,22,45.83,8,66,12.12,
2021-06-27,Perak,71,16,22.54,8,93,8.6,
2021-06-27,Perlis,8,2,25,0,16,0,
2021-06-27,Pulau Pinang,42,28,66.67,14,33,42.42,
2021-06-27,Sabah,107,71,66.36,16,101,15.84,
2021-06-27,Sarawak,106,80,75.47,33,140,23.57,
2021-06-27,Selangor,312,363,116.35,196,321,61.06,
2021-06-27,Terengganu,26,6,23.08,3,41,7.32,
2021-06-27,W.P. Kuala Lumpur,132,130,98.48,86,162,53.09,
2021-06-27,W.P. Labuan,18,21,116.67,9,11,81.82,
2021-06-27,W.P. Putrajaya,8,8,100,8,28,28.57,
2021-06-28,Johor,114,109,95.61,67,134,50,
2021-06-28,Kedah,73,62,84.93,34,105,32.38,
2021-06-28,Kelantan,56,38,67.86,20,111,18.02,
2021-06-28,Melaka,70,92,131.43,17,59,28.81,
2021-06-28,Negeri Sembilan,51,97,190.2,62,49,126.53,
2021-06-28,Pahang,48,24,50,9,66,13.64,
2021-06-28,Perak,71,19,26.76,9,93,9.68,
2021-06-28,Perlis,8,2,25,0,16,0,
2021-06-28,Pulau Pinang,42,31,73.81,14,47,29.79,
2021-06-28,Sabah,107,67,62.62,18,101,17.82,
2021-06-28,Sarawak,106,81,76.42,37,140,26.43,
2021-06-28,Selangor,312,361,115.71,136,321,42.37,
2021-06-28,Terengganu,26,8,30.77,3,41,7.32,
2021-06-28,W.P. Kuala Lumpur,137,130,94.89,95,162,58.64,
2021-06-28,W.P. Labuan,22,21,95.45,9,11,81.82,
2021-06-28,W.P. Putrajaya,8,8,100,8,28,28.57,
2021-06-29,Johor,113,109,96.46,66,145,45.52,
2021-06-29,Kedah,73,60,82.19,34,105,32.38,
2021-06-29,Kelantan,56,32,57.14,16,111,14.41,
2021-06-29,Melaka,70,89,127.14,16,59,27.12,
2021-06-29,Negeri Sembilan,51,82,160.78,60,49,122.45,
2021-06-29,Pahang,48,28,58.33,12,66,18.18,
2021-06-29,Perak,71,16,22.54,10,93,10.75,
2021-06-29,Perlis,8,1,12.5,0,16,0,
2021-06-29,Pulau Pinang,42,29,69.05,12,47,25.53,
2021-06-29,Sabah,107,71,66.36,16,101,15.84,
2021-06-29,Sarawak,106,86,81.13,41,140,29.29,
2021-06-29,Selangor,312,385,123.4,210,321,65.42,
2021-06-29,Terengganu,30,7,23.33,3,49,6.12,
2021-06-29,W.P. Kuala Lumpur,138,138,100,95,162,58.64,
2021-06-29,W.P. Labuan,18,18,100,9,11,81.82,
2021-06-29,W.P. Putrajaya,8,9,112.5,8,28,28.57,
2021-06-30,Johor,113,104,92.04,70,145,48.28,
2021-06-30,Kedah,73,62,84.93,39,105,37.14,
2021-06-30,Kelantan,56,30,53.57,15,111,13.51,
2021-06-30,Melaka,70,90,128.57,15,59,25.42,
2021-06-30,Negeri Sembilan,51,86,168.63,65,49,132.65,
2021-06-30,Pahang,48,29,60.42,15,66,22.73,
2021-06-30,Perak,71,15,21.13,10,93,10.75,
2021-06-30,Perlis,8,0,0,0,16,0,
2021-06-30,Pulau Pinang,42,31,73.81,11,47,23.4,
2021-06-30,Sabah,107,70,65.42,17,101,16.83,
2021-06-30,Sarawak,106,87,82.08,41,140,29.29,
2021-06-30,Selangor,314,389,123.89,216,321,67.29,
2021-06-30,Terengganu,30,6,20,2,49,4.08,
2021-06-30,W.P. Kuala Lumpur,138,134,97.1,84,162,51.85,
2021-06-30,W.P. Labuan,18,18,100,8,11,72.73,
2021-06-30,W.P. Putrajaya,8,8,100,7,28,25,
2021-07-01,Johor,113,106,93.81,68,145,46.9,
2021-07-01,Kedah,73,65,89.04,43,105,40.95,
2021-07-01,Kelantan,56,26,46.43,12,111,10.81,
2021-07-01,Melaka,70,99,141.43,18,59,30.51,
2021-07-01,Negeri Sembilan,51,91,178.43,64,49,130.61,
2021-07-01,Pahang,48,36,75,20,66,30.3,
2021-07-01,Perak,71,18,25.35,10,93,10.75,
2021-07-01,Perlis,8,1,12.5,0,16,0,
2021-07-01,Pulau Pinang,42,31,73.81,9,47,19.15,
2021-07-01,Sabah,107,69,64.49,17,101,16.83,
2021-07-01,Sarawak,106,89,83.96,37,140,26.43,
2021-07-01,Selangor,314,397,126.43,217,321,67.6,
2021-07-01,Terengganu,30,5,16.67,2,49,4.08,
2021-07-01,W.P. Kuala Lumpur,138,138,100,84,162,51.85,
2021-07-01,W.P. Labuan,18,23,127.78,8,11,72.73,
2021-07-01,W.P. Putrajaya,8,10,125,10,28,35.71,
2021-07-02,Johor,113,106,93.81,69,145,47.59,
2021-07-02,Kedah,73,61,83.56,31,105,29.52,
2021-07-02,Kelantan,56,28,50,13,111,11.71,
2021-07-02,Melaka,70,85,121.43,24,59,40.68,
2021-07-02,Negeri Sembilan,51,88,172.55,62,49,126.53,
2021-07-02,Pahang,48,30,62.5,17,66,25.76,
2021-07-02,Perak,42,23,54.76,9,95,9.47,
2021-07-02,Perlis,8,1,12.5,0,16,0,
2021-07-02,Pulau Pinang,42,31,73.81,10,47,21.28,
2021-07-02,Sabah,107,55,51.4,17,101,16.83,
2021-07-02,Sarawak,106,78,73.58,34,140,24.29,
2021-07-02,Selangor,314,409,130.25,232,321,72.27,
2021-07-02,Terengganu,30,7,23.33,1,49,2.04,
2021-07-02,W.P. Kuala Lumpur,138,141,102.17,85,162,52.47,
2021-07-02,W.P. Labuan,18,25,138.89,10,11,90.91,
2021-07-02,W.P. Putrajaya,8,12,150,12,28,42.86,
2021-07-03,Johor,113,102,90.27,66,145,45.52,
2021-07-03,Kedah,73,68,93.15,39,105,37.14,
2021-07-03,Kelantan,56,32,57.14,15,111,13.51,
2021-07-03,Melaka,70,83,118.57,20,59,33.9,
2021-07-03,Negeri Sembilan,51,90,176.47,73,49,148.98,
2021-07-03,Pahang,48,33,68.75,18,66,27.27,
2021-07-03,Perak,42,24,57.14,10,95,10.53,
2021-07-03,Perlis,8,0,0,0,16,0,
2021-07-03,Pulau Pinang,42,28,66.67,10,47,21.28,
2021-07-03,Sabah,107,58,54.21,17,101,16.83,
2021-07-03,Sarawak,106,74,69.81,34,140,24.29,
2021-07-03,Selangor,314,400,127.39,242,321,75.39,
2021-07-03,Terengganu,30,6,20,1,49,2.04,
2021-07-03,W.P. Kuala Lumpur,138,132,95.65,81,162,50,
2021-07-03,W.P. Labuan,18,25,138.89,10,11,90.91,
2021-07-03,W.P. Putrajaya,8,8,100,6,28,21.43,
2021-07-04,Johor,113,104,92.04,70,145,48.28,
2021-07-04,Kedah,73,66,90.41,35,105,33.33,
2021-07-04,Kelantan,56,32,57.14,14,111,12.61,
2021-07-04,Melaka,70,92,131.43,26,59,44.07,
2021-07-04,Negeri Sembilan,62,92,148.39,59,62,95.16,
2021-07-04,Pahang,48,39,81.25,19,66,28.79,
2021-07-04,Perak,42,30,71.43,12,95,12.63,
2021-07-04,Perlis,8,0,0,0,16,0,
2021-07-04,Pulau Pinang,42,29,69.05,8,47,17.02,
2021-07-04,Sabah,107,56,52.34,17,101,16.83,
2021-07-04,Sarawak,106,76,71.7,29,140,20.71,
2021-07-04,Selangor,314,420,133.76,249,321,77.57,
2021-07-04,Terengganu,30,8,26.67,1,49,2.04,
2021-07-04,W.P. Kuala Lumpur,141,139,98.58,83,162,51.23,
2021-07-04,W.P. Labuan,18,26,144.44,11,11,100,
2021-07-04,W.P. Putrajaya,8,13,162.5,10,28,35.71,
2021-07-05,Johor,113,95,84.07,62,145,42.76,
2021-07-05,Kedah,73,76,104.11,35,105,33.33,
2021-07-05,Kelantan,60,35,58.33,14,111,12.61,
2021-07-05,Melaka,70,89,127.14,22,59,37.29,
2021-07-05,Negeri Sembilan,61,94,154.1,67,61,109.84,
2021-07-05,Pahang,48,30,62.5,19,66,28.79,
2021-07-05,Perak,42,29,69.05,12,95,12.63,
2021-07-05,Perlis,8,0,0,0,16,0,
2021-07-05,Pulau Pinang,42,28,66.67,8,47,17.02,
2021-07-05,Sabah,107,54,50.47,18,101,17.82,
2021-07-05,Sarawak,106,80,75.47,29,140,20.71,
2021-07-05,Selangor,314,428,136.31,253,321,78.82,
2021-07-05,Terengganu,30,8,26.67,1,49,2.04,
2021-07-05,W.P. Kuala Lumpur,141,144,102.13,90,162,55.56,
2021-07-05,W.P. Labuan,18,25,138.89,10,11,90.91,
2021-07-05,W.P. Putrajaya,8,13,162.5,12,28,42.86,
2021-07-06,Johor,113,96,84.96,61,145,42.07,
2021-07-06,Kedah,73,74,101.37,35,105,33.33,
2021-07-06,Kelantan,60,35,58.33,13,111,11.71,
2021-07-06,Melaka,70,84,120,22,59,37.29,
2021-07-06,Negeri Sembilan,61,101,165.57,65,61,106.56,
2021-07-06,Pahang,48,29,60.42,18,66,27.27,
2021-07-06,Perak,42,30,71.43,13,95,13.68,
2021-07-06,Perlis,8,0,0,0,16,0,
2021-07-06,Pulau Pinang,42,29,69.05,8,47,17.02,
2021-07-06,Sabah,107,55,51.4,19,101,18.81,
2021-07-06,Sarawak,106,80,75.47,27,140,19.29,
2021-07-06,Selangor,314,461,146.82,254,321,79.13,
2021-07-06,Terengganu,30,8,26.67,1,49,2.04,
2021-07-06,W.P. Kuala Lumpur,141,143,101.42,95,162,58.64,
2021-07-06,W.P. Labuan,18,25,138.89,10,11,90.91,
2021-07-06,W.P. Putrajaya,8,16,200,13,28,46.43,
2021-07-07,Johor,113,99,87.61,72,145,49.66,
2021-07-07,Kedah,86,73,84.88,34,99,34.34,
2021-07-07,Kelantan,60,35,58.33,15,111,13.51,
2021-07-07,Melaka,70,90,128.57,25,59,42.37,
2021-07-07,Negeri Sembilan,61,84,137.7,58,61,95.08,
2021-07-07,Pahang,48,31,64.58,20,66,30.3,
2021-07-07,Perak,57,30,52.63,12,95,12.63,
2021-07-07,Perlis,8,0,0,0,16,0,
2021-07-07,Pulau Pinang,42,29,69.05,7,47,14.89,
2021-07-07,Sabah,107,60,56.07,18,101,17.82,
2021-07-07,Sarawak,106,77,72.64,26,140,18.57,
2021-07-07,Selangor,314,473,150.64,275,321,85.67,
2021-07-07,Terengganu,30,9,30,4,49,8.16,
2021-07-07,W.P. Kuala Lumpur,141,156,110.64,109,162,67.28,
2021-07-07,W.P. Labuan,18,23,127.78,11,11,100,
2021-07-07,W.P. Putrajaya,8,19,237.5,15,28,53.57,
2021-07-08,Johor,113,105,92.92,78,145,53.79,
2021-07-08,Kedah,86,72,83.72,37,99,37.37,
2021-07-08,Kelantan,60,26,43.33,12,111,10.81,
2021-07-08,Melaka,70,86,122.86,22,59,37.29,
2021-07-08,Negeri Sembilan,61,92,150.82,65,61,106.56,
2021-07-08,Pahang,48,32,66.67,21,66,31.82,
2021-07-08,Perak,57,29,50.88,14,95,14.74,
2021-07-08,Perlis,8,0,0,0,16,0,
2021-07-08,Pulau Pinang,42,31,73.81,8,47,17.02,
2021-07-08,Sabah,107,58,54.21,18,101,17.82,
2021-07-08,Sarawak,106,74,69.81,21,140,15,
2021-07-08,Selangor,314,473,150.64,276,321,85.98,
2021-07-08,Terengganu,30,9,30,2,49,4.08,
2021-07-08,W.P. Kuala Lumpur,141,162,114.89,115,162,70.99,
2021-07-08,W.P. Labuan,18,23,127.78,11,11,100,
2021-07-08,W.P. Putrajaya,8,17,212.5,11,28,39.29,
2021-07-09,Johor,113,110,97.35,79,145,54.48,
2021-07-09,Kedah,86,80,93.02,44,99,44.44,
2021-07-09,Kelantan,60,30,50,11,111,9.91,
2021-07-09,Melaka,70,79,112.86,18,59,30.51,
2021-07-09,Negeri Sembilan,61,99,162.3,72,61,118.03,
2021-07-09,Pahang,48,31,64.58,22,66,33.33,
2021-07-09,Perak,57,31,54.39,15,95,15.79,
2021-07-09,Perlis,8,0,0,0,16,0,
2021-07-09,Pulau Pinang,42,34,80.95,9,47,19.15,
2021-07-09,Sabah,107,54,50.47,16,101,15.84,
2021-07-09,Sarawak,106,74,69.81,24,140,17.14,
2021-07-09,Selangor,314,473,150.64,271,321,84.42,
2021-07-09,Terengganu,30,6,20,4,49,8.16,
2021-07-09,W.P. Kuala Lumpur,147,167,113.61,116,162,71.6,
2021-07-09,W.P. Labuan,18,24,133.33,8,11,72.73,
2021-07-09,W.P. Putrajaya,8,19,237.5,11,28,39.29,
2021-07-10,Johor,113,91,80.53,75,145,51.72,
2021-07-10,Kedah,86,86,100,40,99,40.4,
2021-07-10,Kelantan,60,25,41.67,9,111,8.11,
2021-07-10,Melaka,70,84,120,19,59,32.2,
2021-07-10,Negeri Sembilan,61,100,163.93,70,61,114.75,
2021-07-10,Pahang,48,32,66.67,21,66,31.82,
2021-07-10,Perak,57,34,59.65,18,95,18.95,
2021-07-10,Perlis,8,1,12.5,0,16,0,
2021-07-10,Pulau Pinang,42,38,90.48,12,47,25.53,
2021-07-10,Sabah,107,48,44.86,15,101,14.85,
2021-07-10,Sarawak,112,73,65.18,23,137,16.79,
2021-07-10,Selangor,314,491,156.37,278,321,86.6,
2021-07-10,Terengganu,30,8,26.67,3,49,6.12,
2021-07-10,W.P. Kuala Lumpur,147,166,112.93,111,162,68.52,
2021-07-10,W.P. Labuan,18,17,94.44,7,11,63.64,
2021-07-10,W.P. Putrajaya,8,16,200,10,28,35.71,
2021-07-11,Johor,113,88,77.88,76,145,52.41,
2021-07-11,Kedah,86,83,96.51,43,99,43.43,
2021-07-11,Kelantan,60,27,45,9,111,8.11,
2021-07-11,Melaka,70,91,130,20,59,33.9,
2021-07-11,Negeri Sembilan,61,105,172.13,73,61,119.67,
2021-07-11,Pahang,48,31,64.58,19,66,28.79,
2021-07-11,Perak,57,40,70.18,18,95,18.95,
2021-07-11,Perlis,8,1,12.5,0,16,0,
2021-07-11,Pulau Pinang,42,42,100,16,47,34.04,
2021-07-11,Sabah,107,52,48.6,17,101,16.83,
2021-07-11,Sarawak,112,71,63.39,20,137,14.6,
2021-07-11,Selangor,314,485,154.46,268,321,83.49,
2021-07-11,Terengganu,30,13,43.33,9,49,18.37,
2021-07-11,W.P. Kuala Lumpur,147,172,117.01,117,166,70.48,
2021-07-11,W.P. Labuan,18,16,88.89,6,11,54.55,
2021-07-11,W.P. Putrajaya,8,15,187.5,9,28,32.14,
2021-07-12,Johor,113,107,94.69,84,145,57.93,
2021-07-12,Kedah,86,91,105.81,47,99,47.47,
2021-07-12,Kelantan,60,30,50,11,111,9.91,
2021-07-12,Melaka,70,99,141.43,21,64,32.81,
2021-07-12,Negeri Sembilan,61,107,175.41,72,61,118.03,
2021-07-12,Pahang,48,34,70.83,16,66,24.24,
2021-07-12,Perak,57,42,73.68,23,95,24.21,
2021-07-12,Perlis,8,1,12.5,0,16,0,
2021-07-12,Pulau Pinang,49,40,81.63,18,47,38.3,
2021-07-12,Sabah,107,57,53.27,15,101,14.85,
2021-07-12,Sarawak,112,69,61.61,19,137,13.87,
2021-07-12,Selangor,323,509,157.59,279,331,84.29,
2021-07-12,Terengganu,30,15,50,8,49,16.33,
2021-07-12,W.P. Kuala Lumpur,147,158,107.48,111,168,66.07,
2021-07-12,W.P. Labuan,18,13,72.22,6,11,54.55,
2021-07-12,W.P. Putrajaya,8,19,237.5,9,28,32.14,
2021-07-13,Johor,113,109,96.46,83,145,57.24,
2021-07-13,Kedah,86,91,105.81,46,99,46.46,
2021-07-13,Kelantan,60,29,48.33,12,111,10.81,
2021-07-13,Melaka,81,92,113.58,23,64,35.94,
2021-07-13,Negeri Sembilan,61,105,172.13,83,62,133.87,
2021-07-13,Pahang,48,37,77.08,17,66,25.76,
2021-07-13,Perak,57,48,84.21,26,95,27.37,
2021-07-13,Perlis,8,1,12.5,0,16,0,
2021-07-13,Pulau Pinang,49,43,87.76,21,47,44.68,
2021-07-13,Sabah,107,55,51.4,14,101,13.86,
2021-07-13,Sarawak,112,67,59.82,22,137,16.06,
2021-07-13,Selangor,323,532,164.71,294,331,88.82,
2021-07-13,Terengganu,30,15,50,10,49,20.41,
2021-07-13,W.P. Kuala Lumpur,155,159,102.58,113,168,67.26,
2021-07-13,W.P. Labuan,18,11,61.11,6,11,54.55,
2021-07-13,W.P. Putrajaya,8,22,275,10,28,35.71,
2021-07-14,Johor,113,93,82.3,74,145,51.03,
2021-07-14,Kedah,86,98,113.95,43,99,43.43,
2021-07-14,Kelantan,60,29,48.33,14,111,12.61,
2021-07-14,Melaka,81,93,114.81,29,64,45.31,
2021-07-14,Negeri Sembilan,61,99,162.3,73,62,117.74,
2021-07-14,Pahang,48,33,68.75,13,66,19.7,
2021-07-14,Perak,57,50,87.72,24,95,25.26,
2021-07-14,Perlis,8,1,12.5,0,16,0,
2021-07-14,Pulau Pinang,49,45,91.84,23,47,48.94,
2021-07-14,Sabah,107,60,56.07,13,101,12.87,
2021-07-14,Sarawak,112,59,52.68,23,137,16.79,
2021-07-14,Selangor,323,389,120.43,231,331,69.79,
2021-07-14,Terengganu,30,17,56.67,11,49,22.45,
2021-07-14,W.P. Kuala Lumpur,155,156,100.65,111,168,66.07,
2021-07-14,W.P. Labuan,18,10,55.56,5,11,45.45,
2021-07-14,W.P. Putrajaya,8,21,262.5,11,28,39.29,
2021-07-15,Johor,113,92,81.42,75,145,51.72,
2021-07-15,Kedah,90,94,104.44,41,99,41.41,
2021-07-15,Kelantan,60,27,45,14,111,12.61,
2021-07-15,Melaka,81,67,82.72,33,64,51.56,
2021-07-15,Negeri Sembilan,61,74,121.31,51,62,82.26,
2021-07-15,Pahang,48,35,72.92,19,66,28.79,
2021-07-15,Perak,57,49,85.96,25,95,26.32,
2021-07-15,Perlis,8,1,12.5,0,16,0,
2021-07-15,Pulau Pinang,49,47,95.92,29,47,61.7,
2021-07-15,Sabah,107,53,49.53,12,101,11.88,
2021-07-15,Sarawak,112,60,53.57,24,137,17.52,
2021-07-15,Selangor,325,394,121.23,231,331,69.79,
2021-07-15,Terengganu,30,19,63.33,11,49,22.45,
2021-07-15,W.P. Kuala Lumpur,168,172,102.38,133,175,76,
2021-07-15,W.P. Labuan,18,8,44.44,5,11,45.45,
2021-07-15,W.P. Putrajaya,8,14,175,13,28,46.43,
2021-07-16,Johor,113,100,88.5,72,145,49.66,
2021-07-16,Kedah,90,105,116.67,51,99,51.52,
2021-07-16,Kelantan,60,32,53.33,11,111,9.91,
2021-07-16,Melaka,81,94,116.05,37,64,57.81,
2021-07-16,Negeri Sembilan,61,60,98.36,41,62,66.13,
2021-07-16,Pahang,48,36,75,22,66,33.33,
2021-07-16,Perak,57,55,96.49,24,95,25.26,
2021-07-16,Perlis,8,1,12.5,0,16,0,
2021-07-16,Pulau Pinang,60,45,75,28,47,59.57,
2021-07-16,Sabah,107,54,50.47,12,101,11.88,
2021-07-16,Sarawak,120,55,45.83,21,137,15.33,
2021-07-16,Selangor,325,406,124.92,224,331,67.67,
2021-07-16,Terengganu,30,18,60,11,49,22.45,
2021-07-16,W.P. Kuala Lumpur,168,189,112.5,138,175,78.86,
2021-07-16,W.P. Labuan,18,5,27.78,4,11,36.36,
2021-07-16,W.P. Putrajaya,8,15,187.5,13,28,46.43,
2021-07-17,Johor,113,95,84.07,74,145,51.03,
2021-07-17,Kedah,90,110,122.22,45,99,45.45,
2021-07-17,Kelantan,60,30,50,16,111,14.41,
2021-07-17,Melaka,91,101,110.99,36,64,56.25,
2021-07-17,Negeri Sembilan,61,77,126.23,54,62,87.1,
2021-07-17,Pahang,48,35,72.92,20,66,30.3,
2021-07-17,Perak,57,60,105.26,29,95,30.53,
2021-07-17,Perlis,8,3,37.5,0,16,0,
2021-07-17,Pulau Pinang,60,52,86.67,28,47,59.57,
2021-07-17,Sabah,107,53,49.53,9,101,8.91,
2021-07-17,Sarawak,120,53,44.17,19,137,13.87,
2021-07-17,Selangor,325,405,124.62,228,331,68.88,
2021-07-17,Terengganu,30,23,76.67,17,49,34.69,
2021-07-17,W.P. Kuala Lumpur,168,192,114.29,137,181,75.69,
2021-07-17,W.P. Labuan,18,6,33.33,4,11,36.36,
2021-07-17,W.P. Putrajaya,8,17,212.5,13,28,46.43,
2021-07-18,Johor,113,93,82.3,72,145,49.66,
2021-07-18,Kedah,90,105,116.67,50,99,50.51,
2021-07-18,Kelantan,60,27,45,14,111,12.61,
2021-07-18,Melaka,91,105,115.38,36,64,56.25,
2021-07-18,Negeri Sembilan,61,80,131.15,48,62,77.42,
2021-07-18,Pahang,48,42,87.5,26,66,39.39,
2021-07-18,Perak,57,62,108.77,34,95,35.79,
2021-07-18,Perlis,8,3,37.5,0,16,0,
2021-07-18,Pulau Pinang,65,50,76.92,30,47,63.83,
2021-07-18,Sabah,107,57,53.27,9,101,8.91,
2021-07-18,Sarawak,120,52,43.33,17,137,12.41,
2021-07-18,Selangor,325,398,122.46,218,331,65.86,
2021-07-18,Terengganu,30,21,70,11,49,22.45,
2021-07-18,W.P. Kuala Lumpur,168,199,118.45,151,181,83.43,
2021-07-18,W.P. Labuan,18,5,27.78,4,11,36.36,
2021-07-18,W.P. Putrajaya,8,18,225,14,28,50,
2021-07-19,Johor,113,93,82.3,75,145,51.72,
2021-07-19,Kedah,90,106,117.78,51,99,51.52,
2021-07-19,Kelantan,60,29,48.33,13,111,11.71,
2021-07-19,Melaka,83,108,130.12,34,64,53.13,
2021-07-19,Negeri Sembilan,61,84,137.7,54,62,87.1,
2021-07-19,Pahang,48,45,93.75,28,66,42.42,
2021-07-19,Perak,57,66,115.79,33,95,34.74,
2021-07-19,Perlis,8,2,25,0,16,0,
2021-07-19,Pulau Pinang,65,49,75.38,30,47,63.83,
2021-07-19,Sabah,107,57,53.27,12,101,11.88,
2021-07-19,Sarawak,120,49,40.83,17,137,12.41,
2021-07-19,Selangor,319,412,129.15,219,331,66.16,
2021-07-19,Terengganu,30,17,56.67,8,49,16.33,
2021-07-19,W.P. Kuala Lumpur,168,193,114.88,147,181,81.22,
2021-07-19,W.P. Labuan,18,4,22.22,3,11,27.27,
2021-07-19,W.P. Putrajaya,8,16,200,13,28,46.43,
2021-07-20,Johor,113,96,84.96,76,145,52.41,
2021-07-20,Kedah,90,97,107.78,50,99,50.51,
2021-07-20,Kelantan,60,31,51.67,13,111,11.71,
2021-07-20,Melaka,83,77,92.77,33,64,51.56,
2021-07-20,Negeri Sembilan,61,74,121.31,47,62,75.81,
2021-07-20,Pahang,48,50,104.17,29,66,43.94,
2021-07-20,Perak,57,68,119.3,33,95,34.74,
2021-07-20,Perlis,8,1,12.5,0,16,0,
2021-07-20,Pulau Pinang,65,50,76.92,22,47,46.81,
2021-07-20,Sabah,107,62,57.94,16,101,15.84,
2021-07-20,Sarawak,120,38,31.67,13,137,9.49,
2021-07-20,Selangor,319,464,145.45,229,331,69.18,
2021-07-20,Terengganu,30,17,56.67,8,49,16.33,
2021-07-20,W.P. Kuala Lumpur,168,196,116.67,147,181,81.22,
2021-07-20,W.P. Labuan,18,3,16.67,3,11,27.27,
2021-07-20,W.P. Putrajaya,8,15,187.5,14,28,50,
2021-07-21,Johor,113,104,92.04,75,145,51.72,
2021-07-21,Kedah,90,106,117.78,57,99,57.58,
2021-07-21,Kelantan,60,33,55,11,111,9.91,
2021-07-21,Melaka,83,71,85.54,30,64,46.88,
2021-07-21,Negeri Sembilan,61,78,127.87,45,62,72.58,
2021-07-21,Pahang,48,50,104.17,26,66,39.39,
2021-07-21,Perak,57,72,126.32,41,95,43.16,
2021-07-21,Perlis,8,2,25,0,16,0,
2021-07-21,Pulau Pinang,65,50,76.92,32,47,68.09,
2021-07-21,Sabah,107,65,60.75,20,101,19.8,
2021-07-21,Sarawak,120,38,31.67,12,137,8.76,
2021-07-21,Selangor,380,423,111.32,221,374,59.09,
2021-07-21,Terengganu,30,17,56.67,8,49,16.33,
2021-07-21,W.P. Kuala Lumpur,168,202,120.24,145,193,75.13,
2021-07-21,W.P. Labuan,18,4,22.22,4,11,36.36,
2021-07-21,W.P. Putrajaya,8,17,212.5,15,28,53.57,
2021-07-22,Johor,113,104,92.04,76,145,52.41,
2021-07-22,Kedah,90,99,110,47,99,47.47,
2021-07-22,Kelantan,60,35,58.33,14,111,12.61,
2021-07-22,Melaka,83,101,121.69,28,64,43.75,
2021-07-22,Negeri Sembilan,61,74,121.31,43,62,69.35,
2021-07-22,Pahang,48,51,106.25,28,66,42.42,
2021-07-22,Perak,57,75,131.58,40,95,42.11,
2021-07-22,Perlis,8,4,50,1,16,6.25,
2021-07-22,Pulau Pinang,65,49,75.38,34,47,72.34,
2021-07-22,Sabah,107,72,67.29,18,101,17.82,
2021-07-22,Sarawak,120,33,27.5,11,137,8.03,
2021-07-22,Selangor,350,431,123.14,227,374,60.7,
2021-07-22,Terengganu,30,18,60,8,49,16.33,
2021-07-22,W.P. Kuala Lumpur,174,204,117.24,153,189,80.95,
2021-07-22,W.P. Labuan,18,5,27.78,4,11,36.36,
2021-07-22,W.P. Putrajaya,20,19,95,23,28,82.14,
2021-07-23,Johor,118,113,95.76,74,145,51.03,
2021-07-23,Kedah,90,105,116.67,50,99,50.51,
2021-07-23,Kelantan,60,33,55,14,111,12.61,
2021-07-23,Melaka,83,82,98.8,32,64,50,
2021-07-23,Negeri Sembilan,61,81,132.79,44,62,70.97,
2021-07-23,Pahang,48,44,91.67,24,66,36.36,
2021-07-23,Perak,57,76,133.33,38,95,40,
2021-07-23,Perlis,8,4,50,1,16,6.25,
2021-07-23,Pulau Pinang,68,52,76.47,30,47,63.83,
2021-07-23,Sabah,107,70,65.42,18,101,17.82,
2021-07-23,Sarawak,120,38,31.67,12,137,8.76,
2021-07-23,Selangor,353,408,115.58,218,404,53.96,
2021-07-23,Terengganu,30,19,63.33,11,49,22.45,
2021-07-23,W.P. Kuala Lumpur,174,211,121.26,156,189,82.54,
2021-07-23,W.P. Labuan,18,3,16.67,2,11,18.18,
2021-07-23,W.P. Putrajaya,20,18,90,18,28,64.29,
2021-07-24,Johor,108,113,104.63,79,145,54.48,
2021-07-24,Kedah,90,105,116.67,55,101,54.46,
2021-07-24,Kelantan,60,35,58.33,20,111,18.02,
2021-07-24,Melaka,83,104,125.3,28,64,43.75,
2021-07-24,Negeri Sembilan,61,80,131.15,44,63,69.84,
2021-07-24,Pahang,48,36,75,21,66,31.82,
2021-07-24,Perak,57,85,149.12,40,95,42.11,
2021-07-24,Perlis,8,4,50,1,16,6.25,
2021-07-24,Pulau Pinang,68,58,85.29,31,47,65.96,
2021-07-24,Sabah,107,69,64.49,18,101,17.82,
2021-07-24,Sarawak,120,32,26.67,11,137,8.03,
2021-07-24,Selangor,353,423,119.83,259,415,62.41,
2021-07-24,Terengganu,30,22,73.33,14,49,28.57,
2021-07-24,W.P. Kuala Lumpur,174,207,118.97,155,189,82.01,
2021-07-24,W.P. Labuan,18,4,22.22,1,11,9.09,
2021-07-24,W.P. Putrajaya,20,20,100,22,28,78.57,
2021-07-25,Johor,108,117,108.33,80,145,55.17,
2021-07-25,Kedah,90,115,127.78,57,101,56.44,
2021-07-25,Kelantan,60,33,55,19,111,17.12,
2021-07-25,Melaka,83,114,137.35,31,64,48.44,
2021-07-25,Negeri Sembilan,61,78,127.87,43,63,68.25,
2021-07-25,Pahang,48,36,75,22,66,33.33,
2021-07-25,Perak,57,95,166.67,47,95,49.47,
2021-07-25,Perlis,8,5,62.5,2,16,12.5,
2021-07-25,Pulau Pinang,68,58,85.29,34,47,72.34,
2021-07-25,Sabah,107,71,66.36,17,101,16.83,
2021-07-25,Sarawak,120,31,25.83,10,137,7.3,
2021-07-25,Selangor,353,426,120.68,245,418,58.61,
2021-07-25,Terengganu,30,21,70,13,49,26.53,
2021-07-25,W.P. Kuala Lumpur,174,214,122.99,157,189,83.07,
2021-07-25,W.P. Labuan,18,4,22.22,2,11,18.18,
2021-07-25,W.P. Putrajaya,20,19,95,22,28,78.57,
2021-07-26,Johor,108,114,105.56,79,145,54.48,
2021-07-26,Kedah,90,127,141.11,57,101,56.44,
2021-07-26,Kelantan,60,39,65,22,111,19.82,
2021-07-26,Melaka,83,118,142.17,25,64,39.06,
2021-07-26,Negeri Sembilan,61,59,96.72,37,63,58.73,
2021-07-26,Pahang,48,36,75,21,66,31.82,
2021-07-26,Perak,57,98,171.93,46,95,48.42,
2021-07-26,Perlis,8,4,50,2,16,12.5,
2021-07-26,Pulau Pinang,68,59,86.76,36,47,76.6,
2021-07-26,Sabah,107,77,71.96,17,101,16.83,
2021-07-26,Sarawak,120,32,26.67,9,137,6.57,
2021-07-26,Selangor,361,336,93.07,243,427,56.91,
2021-07-26,Terengganu,30,20,66.67,13,49,26.53,
2021-07-26,W.P. Kuala Lumpur,174,213,122.41,156,189,82.54,
2021-07-26,W.P. Labuan,18,4,22.22,2,11,18.18,
2021-07-26,W.P. Putrajaya,20,18,90,21,28,75,
2021-07-27,Johor,108,115,106.48,77,145,53.1,
2021-07-27,Kedah,90,124,137.78,51,101,50.5,
2021-07-27,Kelantan,60,38,63.33,21,111,18.92,
2021-07-27,Melaka,83,98,118.07,27,64,42.19,
2021-07-27,Negeri Sembilan,61,68,111.48,47,63,74.6,
2021-07-27,Pahang,48,39,81.25,20,66,30.3,
2021-07-27,Perak,71,103,145.07,50,95,52.63,
2021-07-27,Perlis,8,3,37.5,2,16,12.5,
2021-07-27,Pulau Pinang,68,57,83.82,37,47,78.72,
2021-07-27,Sabah,107,80,74.77,19,101,18.81,
2021-07-27,Sarawak,120,39,32.5,10,137,7.3,
2021-07-27,Selangor,335,334,99.7,224,426,52.58,
2021-07-27,Terengganu,30,23,76.67,13,49,26.53,
2021-07-27,W.P. Kuala Lumpur,180,216,120,160,189,84.66,
2021-07-27,W.P. Labuan,18,4,22.22,2,11,18.18,
2021-07-27,W.P. Putrajaya,20,21,105,21,28,75,
2021-07-28,Johor,108,127,117.59,91,145,62.76,
2021-07-28,Kedah,90,118,131.11,49,101,48.51,
2021-07-28,Kelantan,60,37,61.67,22,111,19.82,
2021-07-28,Melaka,83,79,95.18,30,64,46.88,
2021-07-28,Negeri Sembilan,63,73,115.87,47,63,74.6,
2021-07-28,Pahang,48,46,95.83,26,66,39.39,
2021-07-28,Perak,71,109,153.52,54,95,56.84,
2021-07-28,Perlis,8,4,50,2,16,12.5,
2021-07-28,Pulau Pinang,70,58,82.86,41,47,87.23,
2021-07-28,Sabah,107,86,80.37,25,101,24.75,
2021-07-28,Sarawak,120,38,31.67,11,137,8.03,
2021-07-28,Selangor,335,439,131.04,236,426,55.4,
2021-07-28,Terengganu,30,24,80,15,49,30.61,
2021-07-28,W.P. Kuala Lumpur,180,218,121.11,166,189,87.83,
2021-07-28,W.P. Labuan,18,3,16.67,2,11,18.18,
2021-07-28,W.P. Putrajaya,20,18,90,21,28,75,
2021-07-29,Johor,108,132,122.22,95,145,65.52,
2021-07-29,Kedah,90,123,136.67,53,101,52.48,
2021-07-29,Kelantan,60,36,60,23,111,20.72,
2021-07-29,Melaka,83,115,138.55,26,64,40.63,
2021-07-29,Negeri Sembilan,63,69,109.52,41,63,65.08,
2021-07-29,Pahang,48,50,104.17,26,66,39.39,
2021-07-29,Perak,71,103,145.07,57,95,60,
2021-07-29,Perlis,8,4,50,2,16,12.5,
2021-07-29,Pulau Pinang,65,63,96.92,41,47,87.23,
2021-07-29,Sabah,107,85,79.44,25,101,24.75,
2021-07-29,Sarawak,120,35,29.17,11,137,8.03,
2021-07-29,Selangor,335,420,125.37,239,426,56.1,
2021-07-29,Terengganu,29,23,79.31,17,56,30.36,
2021-07-29,W.P. Kuala Lumpur,180,215,119.44,161,189,85.19,
2021-07-29,W.P. Labuan,18,3,16.67,2,11,18.18,
2021-07-29,W.P. Putrajaya,20,22,110,22,28,78.57,
2021-07-30,Johor,108,131,121.3,96,145,66.21,
2021-07-30,Kedah,92,134,145.65,57,101,56.44,
2021-07-30,Kelantan,60,49,81.67,21,111,18.92,
2021-07-30,Melaka,92,113,122.83,30,65,46.15,
2021-07-30,Negeri Sembilan,63,69,109.52,46,63,73.02,
2021-07-30,Pahang,50,52,104,27,53,50.94,
2021-07-30,Perak,77,112,145.45,65,100,65,
2021-07-30,Perlis,8,6,75,2,16,12.5,
2021-07-30,Pulau Pinang,65,65,100,43,47,91.49,
2021-07-30,Sabah,160,87,54.38,27,99,27.27,
2021-07-30,Sarawak,120,33,27.5,10,137,7.3,
2021-07-30,Selangor,326,421,129.14,280,426,65.73,
2021-07-30,Terengganu,30,24,80,15,58,25.86,
2021-07-30,W.P. Kuala Lumpur,193,221,114.51,152,189,80.42,
2021-07-30,W.P. Labuan,18,3,16.67,2,11,18.18,
2021-07-30,W.P. Putrajaya,20,18,90,28,28,100,
2021-07-31,Johor,108,131,121.3,93,145,64.14,
2021-07-31,Kedah,92,134,145.65,57,101,56.44,
2021-07-31,Kelantan,60,37,61.67,22,111,19.82,
2021-07-31,Melaka,92,117,127.17,25,65,38.46,
2021-07-31,Negeri Sembilan,63,75,119.05,50,63,79.37,
2021-07-31,Pahang,49,55,112.24,31,53,58.49,
2021-07-31,Perak,81,115,141.98,65,100,65,
2021-07-31,Perlis,8,5,62.5,2,16,12.5,
2021-07-31,Pulau Pinang,65,66,101.54,49,47,104.26,
2021-07-31,Sabah,160,103,64.38,29,99,29.29,
2021-07-31,Sarawak,120,30,25,9,137,6.57,
2021-07-31,Selangor,326,332,101.84,255,426,59.86,
2021-07-31,Terengganu,30,24,80,9,58,15.52,
2021-07-31,W.P. Kuala Lumpur,193,214,110.88,151,189,79.89,
2021-07-31,W.P. Labuan,18,4,22.22,3,11,27.27,
2021-07-31,W.P. Putrajaya,20,20,100,19,28,67.86,
2021-08-01,Johor,108,131,121.3,96,145,66.21,
2021-08-01,Kedah,92,132,143.48,60,101,59.41,
2021-08-01,Kelantan,60,36,60,20,111,18.02,
2021-08-01,Melaka,92,80,86.96,30,65,46.15,
2021-08-01,Negeri Sembilan,63,77,122.22,50,63,79.37,
2021-08-01,Pahang,50,54,108,32,53,60.38,
2021-08-01,Perak,81,117,144.44,67,100,67,
2021-08-01,Perlis,8,6,75,3,16,18.75,
2021-08-01,Pulau Pinang,65,67,103.08,54,47,114.89,
2021-08-01,Sabah,160,99,61.88,29,99,29.29,
2021-08-01,Sarawak,120,22,18.33,8,137,5.84,
2021-08-01,Selangor,326,341,104.6,222,426,52.11,
2021-08-01,Terengganu,30,26,86.67,18,58,31.03,
2021-08-01,W.P. Kuala Lumpur,193,214,110.88,159,189,84.13,
2021-08-01,W.P. Labuan,18,4,22.22,3,11,27.27,
2021-08-01,W.P. Putrajaya,20,17,85,21,28,75,
2021-08-02,Johor,108,130,120.37,98,145,67.59,
2021-08-02,Kedah,92,138,150,64,101,63.37,
2021-08-02,Kelantan,60,41,68.33,26,111,23.42,
2021-08-02,Melaka,92,79,85.87,29,65,44.62,
2021-08-02,Negeri Sembilan,63,74,117.46,47,63,74.6,
2021-08-02,Pahang,50,55,110,36,53,67.92,
2021-08-02,Perak,81,120,148.15,66,100,66,
2021-08-02,Perlis,8,7,87.5,4,16,25,
2021-08-02,Pulau Pinang,65,66,101.54,52,47,110.64,
2021-08-02,Sabah,160,112,70,31,99,31.31,
2021-08-02,Sarawak,120,25,20.83,6,137,4.38,
2021-08-02,Selangor,326,340,104.29,252,426,59.15,
2021-08-02,Terengganu,30,24,80,15,58,25.86,
2021-08-02,W.P. Kuala Lumpur,195,221,113.33,152,189,80.42,
2021-08-02,W.P. Labuan,18,2,11.11,2,11,18.18,
2021-08-02,W.P. Putrajaya,20,17,85,22,28,78.57,
2021-08-03,Johor,108,129,119.44,92,149,61.74,
2021-08-03,Kedah,92,152,165.22,69,101,68.32,
2021-08-03,Kelantan,60,37,61.67,26,111,23.42,
2021-08-03,Melaka,92,84,91.3,30,65,46.15,
2021-08-03,Negeri Sembilan,63,77,122.22,42,63,66.67,
2021-08-03,Pahang,55,56,101.82,38,58,65.52,
2021-08-03,Perak,85,107,125.88,62,103,60.19,
2021-08-03,Perlis,11,8,72.73,3,16,18.75,
2021-08-03,Pulau Pinang,65,67,103.08,54,47,114.89,
2021-08-03,Sabah,160,112,70,43,99,43.43,
2021-08-03,Sarawak,120,24,20,8,137,5.84,
2021-08-03,Selangor,338,339,100.3,234,426,54.93,
2021-08-03,Terengganu,30,26,86.67,17,58,29.31,
2021-08-03,W.P. Kuala Lumpur,195,224,114.87,164,189,86.77,
2021-08-03,W.P. Labuan,18,1,5.56,1,11,9.09,
2021-08-03,W.P. Putrajaya,20,17,85,15,28,53.57,
2021-08-04,Johor,108,115,106.48,88,149,59.06,
2021-08-04,Kedah,92,136,147.83,60,101,59.41,
2021-08-04,Kelantan,60,39,65,29,111,26.13,
2021-08-04,Melaka,92,97,105.43,32,65,49.23,
2021-08-04,Negeri Sembilan,63,79,125.4,39,63,61.9,
2021-08-04,Pahang,55,61,110.91,37,58,63.79,
2021-08-04,Perak,85,109,128.24,65,103,63.11,
2021-08-04,Perlis,11,10,90.91,3,16,18.75,
2021-08-04,Pulau Pinang,67,68,101.49,55,47,117.02,
2021-08-04,Sabah,160,116,72.5,47,99,47.47,
2021-08-04,Sarawak,120,34,28.33,10,137,7.3,
2021-08-04,Selangor,338,346,102.37,235,426,55.16,
2021-08-04,Terengganu,30,33,110,21,58,36.21,
2021-08-04,W.P. Kuala Lumpur,195,223,114.36,165,189,87.3,
2021-08-04,W.P. Labuan,18,1,5.56,1,11,9.09,
2021-08-04,W.P. Putrajaya,20,17,85,23,28,82.14,
2021-08-05,Johor,108,127,117.59,84,149,56.38,
2021-08-05,Kedah,92,118,128.26,50,101,49.5,
2021-08-05,Kelantan,60,40,66.67,28,111,25.23,
2021-08-05,Melaka,92,82,89.13,35,65,53.85,
2021-08-05,Negeri Sembilan,63,74,117.46,42,63,66.67,
2021-08-05,Pahang,55,65,118.18,42,58,72.41,
2021-08-05,Perak,85,102,120,64,103,62.14,
2021-08-05,Perlis,11,10,90.91,2,19,10.53,
2021-08-05,Pulau Pinang,67,69,102.99,54,47,114.89,
2021-08-05,Sabah,159,119,74.84,52,96,54.17,
2021-08-05,Sarawak,120,42,35,11,137,8.03,
2021-08-05,Selangor,345,337,97.68,236,431,54.76,
2021-08-05,Terengganu,30,29,96.67,25,58,43.1,
2021-08-05,W.P. Kuala Lumpur,195,230,117.95,166,189,87.83,
2021-08-05,W.P. Labuan,18,1,5.56,1,11,9.09,
2021-08-05,W.P. Putrajaya,20,17,85,22,28,78.57,
2021-08-06,Johor,108,138,127.78,88,149,59.06,
2021-08-06,Kedah,92,119,129.35,48,101,47.52,
2021-08-06,Kelantan,60,42,70,33,111,29.73,
2021-08-06,Melaka,92,84,91.3,37,65,56.92,
2021-08-06,Negeri Sembilan,63,71,112.7,44,63,69.84,
2021-08-06,Pahang,55,64,116.36,45,58,77.59,
2021-08-06,Perak,85,99,116.47,61,103,59.22,
2021-08-06,Perlis,11,9,81.82,1,19,5.26,
2021-08-06,Pulau Pinang,67,68,101.49,52,47,110.64,
2021-08-06,Sabah,159,124,77.99,54,96,56.25,
2021-08-06,Sarawak,120,44,36.67,11,137,8.03,
2021-08-06,Selangor,345,348,100.87,245,431,56.84,
2021-08-06,Terengganu,30,33,110,29,58,50,
2021-08-06,W.P. Kuala Lumpur,195,228,116.92,164,189,86.77,
2021-08-06,W.P. Labuan,18,3,16.67,1,11,9.09,
2021-08-06,W.P. Putrajaya,20,19,95,25,28,89.29,
2021-08-07,Johor,108,144,133.33,90,149,60.4,
2021-08-07,Kedah,92,115,125,44,101,43.56,
2021-08-07,Kelantan,64,48,75,38,113,33.63,
2021-08-07,Melaka,92,84,91.3,35,65,53.85,
2021-08-07,Negeri Sembilan,63,93,147.62,46,63,73.02,
2021-08-07,Pahang,55,56,101.82,36,58,62.07,
2021-08-07,Perak,84,111,132.14,62,103,60.19,
2021-08-07,Perlis,11,6,54.55,1,19,5.26,
2021-08-07,Pulau Pinang,67,67,100,53,47,112.77,
2021-08-07,Sabah,159,130,81.76,54,96,56.25,
2021-08-07,Sarawak,120,39,32.5,10,137,7.3,
2021-08-07,Selangor,345,344,99.71,280,431,64.97,
2021-08-07,Terengganu,30,34,113.33,29,58,50,
2021-08-07,W.P. Kuala Lumpur,201,228,113.43,165,192,85.94,
2021-08-07,W.P. Labuan,18,3,16.67,2,11,18.18,
2021-08-07,W.P. Putrajaya,20,19,95,19,28,67.86,
2021-08-08,Johor,108,146,135.19,89,149,59.73,
2021-08-08,Kedah,92,115,125,50,101,49.5,
2021-08-08,Kelantan,64,50,78.13,31,113,27.43,
2021-08-08,Melaka,92,93,101.09,37,65,56.92,
2021-08-08,Negeri Sembilan,63,67,106.35,40,63,63.49,
2021-08-08,Pahang,55,60,109.09,38,58,65.52,
2021-08-08,Perak,84,112,133.33,61,103,59.22,
2021-08-08,Perlis,11,8,72.73,1,19,5.26,
2021-08-08,Pulau Pinang,67,67,100,54,47,114.89,
2021-08-08,Sabah,159,130,81.76,56,96,58.33,
2021-08-08,Sarawak,120,36,30,10,137,7.3,
2021-08-08,Selangor,345,347,100.58,230,431,53.36,
2021-08-08,Terengganu,30,33,110,25,58,43.1,
2021-08-08,W.P. Kuala Lumpur,218,223,102.29,166,198,83.84,
2021-08-08,W.P. Labuan,18,3,16.67,2,11,18.18,
2021-08-08,W.P. Putrajaya,20,19,95,23,28,82.14,
2021-08-09,Johor,108,149,137.96,89,149,59.73,
2021-08-09,Kedah,100,114,114,45,101,44.55,
2021-08-09,Kelantan,64,48,75,29,122,23.77,
2021-08-09,Melaka,92,86,93.48,32,65,49.23,
2021-08-09,Negeri Sembilan,63,78,123.81,44,63,69.84,
2021-08-09,Pahang,55,60,109.09,34,58,58.62,
2021-08-09,Perak,84,117,139.29,60,103,58.25,
2021-08-09,Perlis,11,10,90.91,1,19,5.26,
2021-08-09,Pulau Pinang,67,69,102.99,54,47,114.89,
2021-08-09,Sabah,159,134,84.28,59,96,61.46,
2021-08-09,Sarawak,120,39,32.5,13,137,9.49,
2021-08-09,Selangor,345,348,100.87,218,431,50.58,
2021-08-09,Terengganu,30,33,110,27,58,46.55,
2021-08-09,W.P. Kuala Lumpur,218,231,105.96,171,198,86.36,
2021-08-09,W.P. Labuan,18,2,11.11,1,11,9.09,
2021-08-09,W.P. Putrajaya,20,17,85,22,28,78.57,
2021-08-10,Johor,108,150,138.89,84,149,56.38,
2021-08-10,Kedah,101,135,133.66,35,101,34.65,
2021-08-10,Kelantan,64,53,82.81,34,122,27.87,
2021-08-10,Melaka,92,100,108.7,32,65,49.23,
2021-08-10,Negeri Sembilan,63,68,107.94,42,70,60,
2021-08-10,Pahang,55,77,140,40,58,68.97,
2021-08-10,Perak,84,116,138.1,56,103,54.37,
2021-08-10,Perlis,11,8,72.73,2,19,10.53,
2021-08-10,Pulau Pinang,67,69,102.99,52,70,74.29,
2021-08-10,Sabah,167,142,85.03,63,120,52.5,
2021-08-10,Sarawak,120,37,30.83,15,148,10.14,
2021-08-10,Selangor,345,357,103.48,220,431,51.04,
2021-08-10,Terengganu,30,33,110,27,58,46.55,
2021-08-10,W.P. Kuala Lumpur,218,229,105.05,167,198,84.34,
2021-08-10,W.P. Labuan,18,2,11.11,1,11,9.09,
2021-08-10,W.P. Putrajaya,20,20,100,20,36,55.56,
2021-08-11,Johor,108,129,119.44,82,149,55.03,
2021-08-11,Kedah,101,116,114.85,39,101,38.61,
2021-08-11,Kelantan,64,53,82.81,32,122,26.23,
2021-08-11,Melaka,92,37,40.22,28,65,43.08,
2021-08-11,Negeri Sembilan,63,70,111.11,43,70,61.43,
2021-08-11,Pahang,55,69,125.45,37,58,63.79,
2021-08-11,Perak,84,120,142.86,60,103,58.25,
2021-08-11,Perlis,11,9,81.82,2,19,10.53,
2021-08-11,Pulau Pinang,67,68,101.49,54,70,77.14,
2021-08-11,Sabah,167,149,89.22,60,120,50,
2021-08-11,Sarawak,120,36,30,16,148,10.81,
2021-08-11,Selangor,345,355,102.9,220,431,51.04,
2021-08-11,Terengganu,30,37,123.33,29,58,50,
2021-08-11,W.P. Kuala Lumpur,218,224,102.75,160,198,80.81,
2021-08-11,W.P. Labuan,18,1,5.56,0,11,0,
2021-08-11,W.P. Putrajaya,20,20,100,20,36,55.56,
2021-08-12,Johor,108,138,127.78,85,163,52.15,
2021-08-12,Kedah,101,114,112.87,42,101,41.58,
2021-08-12,Kelantan,64,53,82.81,27,122,22.13,
2021-08-12,Melaka,92,74,80.43,28,65,43.08,
2021-08-12,Negeri Sembilan,63,63,100,43,70,61.43,
2021-08-12,Pahang,55,73,132.73,38,58,65.52,
2021-08-12,Perak,84,115,136.9,64,103,62.14,
2021-08-12,Perlis,11,10,90.91,2,19,10.53,
2021-08-12,Pulau Pinang,67,68,101.49,54,70,77.14,
2021-08-12,Sabah,165,147,89.09,53,120,44.17,
2021-08-12,Sarawak,120,33,27.5,18,148,12.16,
2021-08-12,Selangor,345,361,104.64,223,432,51.62,
2021-08-12,Terengganu,30,32,106.67,22,58,37.93,
2021-08-12,W.P. Kuala Lumpur,220,225,102.27,161,224,71.88,
2021-08-12,W.P. Labuan,18,0,0,0,11,0,
2021-08-12,W.P. Putrajaya,20,21,105,20,36,55.56,
2021-08-13,Johor,108,118,109.26,83,163,50.92,
2021-08-13,Kedah,101,116,114.85,54,101,53.47,
2021-08-13,Kelantan,64,54,84.38,29,122,23.77,
2021-08-13,Melaka,92,120,130.43,37,65,56.92,
2021-08-13,Negeri Sembilan,75,63,84,42,70,60,
2021-08-13,Pahang,54,41,75.93,30,58,51.72,
2021-08-13,Perak,84,89,105.95,68,103,66.02,
2021-08-13,Perlis,11,9,81.82,4,19,21.05,
2021-08-13,Pulau Pinang,69,70,101.45,50,72,69.44,
2021-08-13,Sabah,165,155,93.94,56,121,46.28,
2021-08-13,Sarawak,120,32,26.67,20,148,13.51,
2021-08-13,Selangor,345,350,101.45,203,432,46.99,
2021-08-13,Terengganu,39,30,76.92,21,58,36.21,
2021-08-13,W.P. Kuala Lumpur,220,215,97.73,162,224,72.32,
2021-08-13,W.P. Labuan,18,0,0,0,11,0,
2021-08-13,W.P. Putrajaya,20,20,100,19,36,52.78,
2021-08-14,Johor,108,132,122.22,81,163,49.69,
2021-08-14,Kedah,101,120,118.81,52,101,51.49,
2021-08-14,Kelantan,64,56,87.5,32,122,26.23,
2021-08-14,Melaka,92,77,83.7,39,65,60,
2021-08-14,Negeri Sembilan,75,54,72,44,70,62.86,
2021-08-14,Pahang,54,41,75.93,31,58,53.45,
2021-08-14,Perak,84,93,110.71,68,103,66.02,
2021-08-14,Perlis,11,9,81.82,3,19,15.79,
2021-08-14,Pulau Pinang,69,72,104.35,56,72,77.78,
2021-08-14,Sabah,167,153,91.62,56,118,47.46,
2021-08-14,Sarawak,120,36,30,16,148,10.81,
2021-08-14,Selangor,345,352,102.03,215,432,49.77,
2021-08-14,Terengganu,39,29,74.36,22,58,37.93,
2021-08-14,W.P. Kuala Lumpur,220,215,97.73,155,224,69.2,
2021-08-14,W.P. Labuan,18,0,0,0,11,0,
2021-08-14,W.P. Putrajaya,20,19,95,17,36,47.22,
2021-08-15,Johor,108,114,105.56,87,173,50.29,
2021-08-15,Kedah,101,112,110.89,49,101,48.51,
2021-08-15,Kelantan,64,63,98.44,39,122,31.97,
2021-08-15,Melaka,92,76,82.61,44,65,67.69,
2021-08-15,Negeri Sembilan,75,55,73.33,37,70,52.86,
2021-08-15,Pahang,54,41,75.93,32,58,55.17,
2021-08-15,Perak,84,91,108.33,75,103,72.82,
2021-08-15,Perlis,11,6,54.55,3,19,15.79,
2021-08-15,Pulau Pinang,69,71,102.9,60,72,83.33,
2021-08-15,Sabah,163,153,93.87,59,118,50,
2021-08-15,Sarawak,120,39,32.5,19,148,12.84,
2021-08-15,Selangor,345,349,101.16,200,432,46.3,
2021-08-15,Terengganu,39,28,71.79,23,58,39.66,
2021-08-15,W.P. Kuala Lumpur,220,220,100,160,224,71.43,
2021-08-15,W.P. Labuan,18,0,0,0,11,0,
2021-08-15,W.P. Putrajaya,20,18,90,17,36,47.22,
2021-08-16,Johor,108,118,109.26,88,173,50.87,
2021-08-16,Kedah,101,108,106.93,49,101,48.51,
2021-08-16,Kelantan,64,61,95.31,39,122,31.97,
2021-08-16,Melaka,92,73,79.35,39,65,60,
2021-08-16,Negeri Sembilan,75,51,68,39,70,55.71,
2021-08-16,Pahang,61,41,67.21,33,58,56.9,
2021-08-16,Perak,84,92,109.52,74,103,71.84,
2021-08-16,Perlis,11,8,72.73,3,19,15.79,
2021-08-16,Pulau Pinang,69,68,98.55,62,72,86.11,
2021-08-16,Sabah,163,154,94.48,62,118,52.54,
2021-08-16,Sarawak,120,38,31.67,16,148,10.81,
2021-08-16,Selangor,345,350,101.45,195,432,45.14,
2021-08-16,Terengganu,39,29,74.36,21,58,36.21,
2021-08-16,W.P. Kuala Lumpur,220,221,100.45,156,224,69.64,
2021-08-16,W.P. Labuan,18,0,0,0,11,0,
2021-08-16,W.P. Putrajaya,20,19,95,15,36,41.67,
2021-08-17,Johor,108,108,100,87,173,50.29,
2021-08-17,Kedah,101,129,127.72,50,101,49.5,
2021-08-17,Kelantan,64,65,101.56,40,122,32.79,
2021-08-17,Melaka,92,73,79.35,39,65,60,
2021-08-17,Negeri Sembilan,75,55,73.33,37,70,52.86,
2021-08-17,Pahang,61,39,63.93,25,58,43.1,
2021-08-17,Perak,84,95,113.1,71,103,68.93,
2021-08-17,Perlis,11,10,90.91,3,19,15.79,
2021-08-17,Pulau Pinang,69,72,104.35,61,72,84.72,
2021-08-17,Sabah,163,167,102.45,64,118,54.24,
2021-08-17,Sarawak,120,40,33.33,16,148,10.81,
2021-08-17,Selangor,348,403,115.8,191,432,44.21,
2021-08-17,Terengganu,39,31,79.49,25,58,43.1,
2021-08-17,W.P. Kuala Lumpur,220,211,95.91,153,224,68.3,
2021-08-17,W.P. Labuan,18,0,0,0,11,0,
2021-08-17,W.P. Putrajaya,20,18,90,16,36,44.44,
2021-08-18,Johor,108,112,103.7,92,173,53.18,
2021-08-18,Kedah,101,128,126.73,43,102,42.16,
2021-08-18,Kelantan,64,71,110.94,43,122,35.25,
2021-08-18,Melaka,92,73,79.35,38,65,58.46,
2021-08-18,Negeri Sembilan,88,52,59.09,49,75,65.33,
2021-08-18,Pahang,61,40,65.57,24,58,41.38,
2021-08-18,Perak,84,90,107.14,68,103,66.02,
2021-08-18,Perlis,11,9,81.82,3,19,15.79,
2021-08-18,Pulau Pinang,69,72,104.35,61,72,84.72,
2021-08-18,Sabah,123,159,129.27,64,118,54.24,
2021-08-18,Sarawak,120,39,32.5,15,148,10.14,
2021-08-18,Selangor,348,349,100.29,188,432,43.52,
2021-08-18,Terengganu,39,32,82.05,20,58,34.48,
2021-08-18,W.P. Kuala Lumpur,220,214,97.27,151,224,67.41,
2021-08-18,W.P. Labuan,18,0,0,0,11,0,
2021-08-18,W.P. Putrajaya,20,19,95,13,36,36.11,
2021-08-19,Johor,108,119,110.19,75,173,43.35,
2021-08-19,Kedah,101,139,137.62,51,102,50,
2021-08-19,Kelantan,64,68,106.25,46,122,37.7,
2021-08-19,Melaka,96,69,71.88,33,67,49.25,
2021-08-19,Negeri Sembilan,88,40,45.45,28,75,37.33,
2021-08-19,Pahang,61,41,67.21,24,58,41.38,
2021-08-19,Perak,90,92,102.22,67,103,65.05,
2021-08-19,Perlis,11,7,63.64,3,19,15.79,
2021-08-19,Pulau Pinang,69,71,102.9,61,72,84.72,
2021-08-19,Sabah,123,158,128.46,62,118,52.54,
2021-08-19,Sarawak,120,45,37.5,14,148,9.46,
2021-08-19,Selangor,348,350,100.57,179,432,41.44,
2021-08-19,Terengganu,39,30,76.92,16,58,27.59,
2021-08-19,W.P. Kuala Lumpur,220,209,95,175,224,78.13,
2021-08-19,W.P. Labuan,18,0,0,0,11,0,
2021-08-19,W.P. Putrajaya,20,19,95,16,36,44.44,
2021-08-20,Johor,108,119,110.19,89,173,51.45,
2021-08-20,Kedah,101,132,130.69,49,102,48.04,
2021-08-20,Kelantan,64,72,112.5,35,122,28.69,
2021-08-20,Melaka,96,73,76.04,31,67,46.27,
2021-08-20,Negeri Sembilan,88,42,47.73,28,75,37.33,
2021-08-20,Pahang,61,40,65.57,30,58,51.72,
2021-08-20,Perak,90,91,101.11,64,103,62.14,
2021-08-20,Perlis,11,7,63.64,2,19,10.53,
2021-08-20,Pulau Pinang,69,69,100,57,72,79.17,
2021-08-20,Sabah,123,150,121.95,66,118,55.93,
2021-08-20,Sarawak,120,48,40,16,148,10.81,
2021-08-20,Selangor,348,343,98.56,198,432,45.83,
2021-08-20,Terengganu,39,29,74.36,19,58,32.76,
2021-08-20,W.P. Kuala Lumpur,220,217,98.64,152,224,67.86,
2021-08-20,W.P. Labuan,18,0,0,0,11,0,
2021-08-20,W.P. Putrajaya,20,19,95,17,36,47.22,
2021-08-21,Johor,108,125,115.74,89,173,51.45,
2021-08-21,Kedah,101,151,149.5,58,102,56.86,
2021-08-21,Kelantan,64,72,112.5,44,122,36.07,
2021-08-21,Melaka,96,74,77.08,33,67,49.25,
2021-08-21,Negeri Sembilan,88,37,42.05,26,75,34.67,
2021-08-21,Pahang,61,41,67.21,28,58,48.28,
2021-08-21,Perak,90,96,106.67,63,103,61.17,
2021-08-21,Perlis,11,8,72.73,4,19,21.05,
2021-08-21,Pulau Pinang,69,70,101.45,57,72,79.17,
2021-08-21,Sabah,123,152,123.58,67,118,56.78,
2021-08-21,Sarawak,120,51,42.5,14,148,9.46,
2021-08-21,Selangor,348,347,99.71,211,432,48.84,
2021-08-21,Terengganu,39,29,74.36,20,58,34.48,
2021-08-21,W.P. Kuala Lumpur,220,216,98.18,153,224,68.3,
2021-08-21,W.P. Labuan,18,0,0,0,11,0,
2021-08-21,W.P. Putrajaya,20,18,90,17,36,47.22,
2021-08-22,Johor,108,109,100.93,91,173,52.6,
2021-08-22,Kedah,101,128,126.73,43,102,42.16,
2021-08-22,Kelantan,64,73,114.06,45,122,36.89,
2021-08-22,Melaka,96,78,81.25,35,67,52.24,
2021-08-22,Negeri Sembilan,88,36,40.91,31,75,41.33,
2021-08-22,Pahang,61,44,72.13,34,58,58.62,
2021-08-22,Perak,90,93,103.33,63,103,61.17,
2021-08-22,Perlis,11,8,72.73,4,19,21.05,
2021-08-22,Pulau Pinang,69,71,102.9,56,72,77.78,
2021-08-22,Sabah,123,156,126.83,64,118,54.24,
2021-08-22,Sarawak,120,56,46.67,13,148,8.78,
2021-08-22,Selangor,348,346,99.43,216,432,50,
2021-08-22,Terengganu,39,28,71.79,15,58,25.86,
2021-08-22,W.P. Kuala Lumpur,220,209,95,146,224,65.18,
2021-08-22,W.P. Labuan,18,0,0,0,11,0,
2021-08-22,W.P. Putrajaya,20,18,90,16,36,44.44,
2021-08-23,Johor,108,108,100,89,173,51.45,
2021-08-23,Kedah,101,133,131.68,56,102,54.9,
2021-08-23,Kelantan,64,70,109.38,31,122,25.41,
2021-08-23,Melaka,96,78,81.25,38,67,56.72,
2021-08-23,Negeri Sembilan,88,40,45.45,23,75,30.67,
2021-08-23,Pahang,61,42,68.85,33,58,56.9,
2021-08-23,Perak,90,95,105.56,61,103,59.22,
2021-08-23,Perlis,11,9,81.82,5,19,26.32,
2021-08-23,Pulau Pinang,69,71,102.9,54,72,75,
2021-08-23,Sabah,128,169,132.03,69,118,58.47,
2021-08-23,Sarawak,120,62,51.67,17,148,11.49,
2021-08-23,Selangor,348,342,98.28,213,432,49.31,
2021-08-23,Terengganu,39,28,71.79,17,58,29.31,
2021-08-23,W.P. Kuala Lumpur,220,198,90,123,224,54.91,
2021-08-23,W.P. Labuan,18,0,0,0,11,0,
2021-08-23,W.P. Putrajaya,20,16,80,15,36,41.67,
2021-08-24,Johor,108,114,105.56,95,173,54.91,
2021-08-24,Kedah,101,141,139.6,53,102,51.96,
2021-08-24,Kelantan,64,76,118.75,33,122,27.05,
2021-08-24,Melaka,96,73,76.04,29,67,43.28,
2021-08-24,Negeri Sembilan,88,32,36.36,14,75,18.67,
2021-08-24,Pahang,61,42,68.85,28,58,48.28,
2021-08-24,Perak,90,94,104.44,63,103,61.17,
2021-08-24,Perlis,11,9,81.82,4,19,21.05,
2021-08-24,Pulau Pinang,69,66,95.65,59,72,81.94,
2021-08-24,Sabah,128,179,139.84,69,118,58.47,
2021-08-24,Sarawak,120,64,53.33,18,148,12.16,
2021-08-24,Selangor,348,336,96.55,197,432,45.6,
2021-08-24,Terengganu,39,24,61.54,14,58,24.14,
2021-08-24,W.P. Kuala Lumpur,220,216,98.18,135,224,60.27,
2021-08-24,W.P. Labuan,18,0,0,0,11,0,
2021-08-24,W.P. Putrajaya,20,19,95,17,36,47.22,
2021-08-25,Johor,108,114,105.56,92,173,53.18,
2021-08-25,Kedah,115,137,119.13,52,103,50.49,
2021-08-25,Kelantan,64,77,120.31,46,122,37.7,
2021-08-25,Melaka,96,72,75,29,67,43.28,
2021-08-25,Negeri Sembilan,88,30,34.09,14,75,18.67,
2021-08-25,Pahang,61,41,67.21,23,58,39.66,
2021-08-25,Perak,90,97,107.78,62,103,60.19,
2021-08-25,Perlis,11,8,72.73,5,19,26.32,
2021-08-25,Pulau Pinang,69,69,100,56,72,77.78,
2021-08-25,Sabah,130,184,141.54,67,118,56.78,
2021-08-25,Sarawak,120,62,51.67,16,148,10.81,
2021-08-25,Selangor,350,341,97.43,190,443,42.89,
2021-08-25,Terengganu,39,29,74.36,17,58,29.31,
2021-08-25,W.P. Kuala Lumpur,220,220,100,156,224,69.64,
2021-08-25,W.P. Labuan,18,0,0,0,11,0,
2021-08-25,W.P. Putrajaya,20,20,100,15,36,41.67,
2021-08-26,Johor,108,113,104.63,98,174,56.32,
2021-08-26,Kedah,115,139,120.87,61,103,59.22,
2021-08-26,Kelantan,64,70,109.38,37,122,30.33,
2021-08-26,Melaka,96,72,75,27,67,40.3,
2021-08-26,Negeri Sembilan,88,34,38.64,17,75,22.67,
2021-08-26,Pahang,61,42,68.85,23,58,39.66,
2021-08-26,Perak,90,97,107.78,61,103,59.22,
2021-08-26,Perlis,11,10,90.91,5,19,26.32,
2021-08-26,Pulau Pinang,69,68,98.55,58,72,80.56,
2021-08-26,Sabah,130,178,136.92,67,118,56.78,
2021-08-26,Sarawak,120,70,58.33,21,148,14.19,
2021-08-26,Selangor,350,335,95.71,192,443,43.34,
2021-08-26,Terengganu,39,25,64.1,17,58,29.31,
2021-08-26,W.P. Kuala Lumpur,220,217,98.64,157,207,75.85,
2021-08-26,W.P. Labuan,18,0,0,0,11,0,
2021-08-26,W.P. Putrajaya,20,17,85,14,36,38.89,
2021-08-27,Johor,108,107,99.07,87,174,50,
2021-08-27,Kedah,115,126,109.57,54,103,52.43,
2021-08-27,Kelantan,64,73,114.06,37,122,30.33,
2021-08-27,Melaka,96,71,73.96,28,67,41.79,
2021-08-27,Negeri Sembilan,88,35,39.77,17,75,22.67,
2021-08-27,Pahang,61,41,67.21,22,58,37.93,
2021-08-27,Perak,90,94,104.44,67,103,65.05,
2021-08-27,Perlis,11,10,90.91,0,19,0,
2021-08-27,Pulau Pinang,69,69,100,51,72,70.83,
2021-08-27,Sabah,143,144,100.7,64,120,53.33,
2021-08-27,Sarawak,120,72,60,18,148,12.16,
2021-08-27,Selangor,350,334,95.43,177,443,39.95,
2021-08-27,Terengganu,39,26,66.67,20,58,34.48,
2021-08-27,W.P. Kuala Lumpur,228,199,87.28,146,218,66.97,
2021-08-27,W.P. Labuan,18,0,0,0,11,0,
2021-08-27,W.P. Putrajaya,20,17,85,14,36,38.89,
2021-08-28,Johor,108,110,101.85,92,174,52.87,
2021-08-28,Kedah,105,120,114.29,46,103,44.66,
2021-08-28,Kelantan,64,79,123.44,44,122,36.07,
2021-08-28,Melaka,96,92,95.83,22,67,32.84,
2021-08-28,Negeri Sembilan,88,35,39.77,28,75,37.33,
2021-08-28,Pahang,61,42,68.85,23,58,39.66,
2021-08-28,Perak,90,99,110,65,103,63.11,
2021-08-28,Perlis,11,9,81.82,4,19,21.05,
2021-08-28,Pulau Pinang,69,66,95.65,50,72,69.44,
2021-08-28,Sabah,145,168,115.86,61,120,50.83,
2021-08-28,Sarawak,120,76,63.33,21,148,14.19,
2021-08-28,Selangor,350,330,94.29,182,443,41.08,
2021-08-28,Terengganu,39,27,69.23,25,58,43.1,
2021-08-28,W.P. Kuala Lumpur,228,194,85.09,150,218,68.81,
2021-08-28,W.P. Labuan,18,0,0,0,11,0,
2021-08-28,W.P. Putrajaya,20,17,85,12,36,33.33,
2021-08-29,Johor,108,109,100.93,90,174,51.72,
2021-08-29,Kedah,105,124,118.1,62,103,60.19,
2021-08-29,Kelantan,64,71,110.94,32,122,26.23,
2021-08-29,Melaka,96,73,76.04,22,67,32.84,
2021-08-29,Negeri Sembilan,88,37,42.05,25,75,33.33,
2021-08-29,Pahang,61,42,68.85,22,58,37.93,
2021-08-29,Perak,90,101,112.22,67,103,65.05,
2021-08-29,Perlis,11,9,81.82,4,19,21.05,
2021-08-29,Pulau Pinang,69,69,100,56,72,77.78,
2021-08-29,Sabah,145,167,115.17,58,120,48.33,
2021-08-29,Sarawak,120,65,54.17,16,148,10.81,
2021-08-29,Selangor,350,324,92.57,164,443,37.02,
2021-08-29,Terengganu,39,30,76.92,24,58,41.38,
2021-08-29,W.P. Kuala Lumpur,228,182,79.82,145,218,66.51,
2021-08-29,W.P. Labuan,18,0,0,0,11,0,
2021-08-29,W.P. Putrajaya,20,17,85,12,36,33.33,
2021-08-30,Johor,108,103,95.37,83,174,47.7,
2021-08-30,Kedah,105,125,119.05,59,103,57.28,
2021-08-30,Kelantan,77,76,98.7,50,122,40.98,
2021-08-30,Melaka,92,84,91.3,22,78,28.21,
2021-08-30,Negeri Sembilan,88,32,36.36,20,75,26.67,
2021-08-30,Pahang,61,42,68.85,25,58,43.1,
2021-08-30,Perak,90,96,106.67,68,104,65.38,
2021-08-30,Perlis,11,10,90.91,6,19,31.58,
2021-08-30,Pulau Pinang,69,68,98.55,54,72,75,
2021-08-30,Sabah,145,168,115.86,65,120,54.17,
2021-08-30,Sarawak,120,61,50.83,20,148,13.51,
2021-08-30,Selangor,350,317,90.57,169,443,38.15,
2021-08-30,Terengganu,39,31,79.49,27,58,46.55,
2021-08-30,W.P. Kuala Lumpur,228,171,75,125,218,57.34,
2021-08-30,W.P. Labuan,18,0,0,0,11,0,
2021-08-30,W.P. Putrajaya,20,18,90,14,36,38.89,
2021-08-31,Johor,108,103,95.37,84,174,48.28,
2021-08-31,Kedah,104,117,112.5,51,103,49.51,
2021-08-31,Kelantan,77,73,94.81,35,122,28.69,
2021-08-31,Melaka,92,75,81.52,25,78,32.05,
2021-08-31,Negeri Sembilan,88,33,37.5,25,68,36.76,
2021-08-31,Pahang,61,40,65.57,25,54,46.3,
2021-08-31,Perak,90,108,120,68,104,65.38,
2021-08-31,Perlis,11,10,90.91,5,19,26.32,
2021-08-31,Pulau Pinang,69,66,95.65,53,72,73.61,
2021-08-31,Sabah,147,172,117.01,67,96,69.79,
2021-08-31,Sarawak,120,58,48.33,23,137,16.79,
2021-08-31,Selangor,350,351,100.29,168,443,37.92,
2021-08-31,Terengganu,39,29,74.36,22,58,37.93,
2021-08-31,W.P. Kuala Lumpur,228,173,75.88,116,218,53.21,
2021-08-31,W.P. Labuan,18,0,0,0,11,0,
2021-08-31,W.P. Putrajaya,20,15,75,12,28,42.86,